--
-- PostgreSQL database dump
--

-- Dumped from database version 14.3
-- Dumped by pg_dump version 14.3

-- Started on 2022-09-05 07:55:28

SET statement_timeout = 0;
SET lock_timeout = 0;
SET idle_in_transaction_session_timeout = 0;
SET client_encoding = 'UTF8';
SET standard_conforming_strings = on;
SELECT pg_catalog.set_config('search_path', '', false);
SET check_function_bodies = false;
SET xmloption = content;
SET client_min_messages = warning;
SET row_security = off;

--
-- TOC entry 3469 (class 0 OID 59576)
-- Dependencies: 219
-- Data for Name: role; Type: TABLE DATA; Schema: public; Owner: yumelio
--

COPY public.role (id, name) FROM stdin;
1	admin
2	user
\.


--
-- TOC entry 3467 (class 0 OID 59565)
-- Dependencies: 217
-- Data for Name: user; Type: TABLE DATA; Schema: public; Owner: yumelio
--

COPY public."user" (id, first_name, last_name, email, password, linkedin_url, github_url, instagram_url, role_id) FROM stdin;
1	Cleveland23	Noemie_Smitham	Lina73@hotmail.com	$2b$10$GRx4P7r8JTfj6PGRZg8cQ.Jl.8xEAeBxXw4j/1W3.psORD7/rvJmy	http://droopy-immortal.org	http://memorable-recapitulation.biz	http://obedient-detainee.com	2
2	Jessika.Schuppe4	Ismael_Weber21	Rogers_Cormier@hotmail.com	$2b$10$mjGeXG2RjqoDs8Tp0z06vudcGAH.gNdlqqgYV3AVc9N09pvG1Bmvu	http://light-shear.info	https://bustling-update.net	https://mortified-bait.net	2
3	Terry_Davis33	Mia43	Abbigail_Bailey58@gmail.com	$2b$10$miePRn8Y79Xk2Pe/MVDjCOSroyfMLBLk01sd84R2JQ.wuD2SN52rW	https://grandiose-emotion.info	http://untrue-heartache.name	https://reasonable-cyst.org	2
4	Korbin.Feeney	Alice79	Lawrence_Legros@yahoo.com	$2b$10$lGth9VGQKxJ/S94ESPfcVewjWT4wkF6s.Slc1z1.htZjB5zKc4b5u	https://sticky-pastoralist.name	https://accurate-reader.org	https://intentional-folklore.org	2
5	Amos29	Miles52	Taya48@gmail.com	$2b$10$WqSR84uqN/sNdsUV1K3Kc.Sv240EVe11Dt2Wdi3iwDTEQht986KS6	http://white-peer.biz	https://stiff-exhaustion.biz	https://idealistic-bit.name	2
6	Abigale.Wilderman28	Gerda12	Adrianna.OConnell@gmail.com	$2b$10$J9Qy1EsQU/XER58ILXN5fey7HVH2F9ve8gclJ98fOpIs6a22RDHpy	https://cautious-algorithm.org	https://queasy-vase.name	https://inconsequential-fence.com	2
7	Etha59	Triston61	Aurelio.Adams@yahoo.com	$2b$10$7udzFkvie9r0sa3fYCiCOujcAbXeWdVXZc0cPuMg54oDeGJp1Qewe	https://attached-leprosy.net	http://corrupt-disclosure.org	https://decent-cartoon.org	2
8	Clementina.Hyatt	Deontae.Kautzer	Marge_Hauck4@hotmail.com	$2b$10$16ub4rYyTwz4u3j/olJ8PufAvQC971QYOyHiJP31L5nLSL9gN00P6	http://rotating-demon.name	https://rusty-junket.org	http://neglected-pride.org	2
9	Luther_Feeney92	Shad.Kutch46	Naomi.Miller31@yahoo.com	$2b$10$E1kI9R99ICqeCwGkYGLeIOnZvWHKW6CpPUVrKN2jSXqRedC1LBrZ.	https://smug-ant.com	https://whopping-vote.info	http://euphoric-cello.biz	2
10	Nathan27	Terence_Zulauf	Forest32@hotmail.com	$2b$10$q2AreEUxxAUvBZJImRw3XOpY2mxNtYVoo7XlJcQ4xY2pUCCffGICe	https://fast-misrepresentation.org	http://difficult-admin.com	https://those-toot.biz	2
12	Yumedoeeee	Yumedo	yumedo@survivor.com	$2b$10$3wSNn9pieRhKloak7MlQnuATmExyH5i/dlIolQvJ8HbH04hbhW.Qm	\N	\N	\N	1
\.


--
-- TOC entry 3472 (class 0 OID 59585)
-- Dependencies: 222
-- Data for Name: article; Type: TABLE DATA; Schema: public; Owner: yumelio
--

COPY public.article (id, title, abstract, content, "order", user_id) FROM stdin;
1	Nobis voluptas aut et vel.	Vel accusamus ut est exercitationem commodi ipsa rerum illum rerum. Saepe sed nobis harum. Cum earum omnis. Voluptate possimus et. Odit omnis voluptas qui iure voluptatem qui quam sunt quo. Quae voluptatibus soluta veniam et qui perspiciatis dolorum.\nQui ut ipsam sit eos fuga voluptatem est. Autem quasi voluptatibus alias molestias qui dolore. Voluptatem aut tempora sint.	Nobis repudiandae assumenda. Sunt et consectetur nulla repellendus. Eos cumque esse nihil perspiciatis. Repellat quibusdam quod.\nHarum doloremque aperiam ullam voluptatem voluptas ipsam cumque aut. Occaecati sint sunt minima ea ut aut. Beatae voluptatibus sed.\nSunt qui est id voluptate tenetur quia dolorum at est. Quisquam assumenda quia harum non soluta natus. Saepe quia corrupti accusantium est esse consequuntur. Eius similique temporibus repellendus dicta. Deleniti ipsum saepe error cum cum vel.\nDolore quo id illum ut illo similique. Dicta libero non quod. Fuga quis accusamus enim autem id repellendus autem aliquam. At accusamus amet. Voluptatum dolorem sit voluptatibus ipsum.\nEnim et recusandae. Autem sapiente beatae. Magnam soluta recusandae. Vero doloremque distinctio fugiat non sapiente eum unde praesentium alias. Quos id eaque animi molestiae aut saepe non. Ea eaque quia magnam.\nNatus sed sunt sint sit. Nisi et ea. Velit a dolores doloribus voluptatem consequuntur.\nEnim mollitia debitis dolorem consequatur eos repellat rerum illum et. Maiores nulla assumenda voluptate sapiente quia esse velit itaque aut. Sed non aut deleniti eum. Sunt eveniet nulla. Corrupti explicabo nam dolorem voluptatum quas vero quis ut.\nVoluptas qui ab autem voluptate et enim pariatur. Voluptates nulla a enim amet. Consectetur doloribus nisi asperiores architecto sint. Dignissimos hic modi debitis enim est ipsum totam pariatur. Eveniet quibusdam dolores illo nisi id eum eveniet facilis. Dolorum magnam numquam dolor dolores voluptas.\nQuia in et cum dolorem natus facilis cupiditate voluptatem. Enim voluptatem voluptatem accusamus beatae ducimus. Voluptas unde assumenda amet pariatur in debitis autem impedit quidem. Odio id dolorum sit totam commodi est quam assumenda quia.\nSunt beatae vel ipsum necessitatibus temporibus rerum accusamus dolor. Non ex fugiat aliquid vel doloribus quia aperiam recusandae. Necessitatibus aut sed magnam non ea reprehenderit voluptatem accusamus. Enim doloremque animi. Reprehenderit quas aut.	1	7
2	Eveniet eius at ullam vero.	Aut dolorem et illum error hic non. Doloribus molestiae sint aperiam dolorem deserunt et quia. Fuga expedita itaque laborum numquam adipisci.\nIllum officia at blanditiis est. Et velit voluptates. Reprehenderit dolores laudantium corporis culpa. Optio consequatur nihil inventore.	Quaerat omnis ut eum est possimus. Laudantium vitae consectetur ratione aliquid at soluta omnis. Totam magni amet. Placeat deserunt culpa. Officia et aut explicabo aut sed provident ab omnis aliquam. Tempore eum ducimus.\nEt eligendi ipsam dolor et voluptate. Unde consequuntur a. Qui adipisci molestiae quia ipsa eos officiis. Quia non itaque qui corporis sapiente. Soluta occaecati voluptates iure qui architecto soluta facere asperiores.\nQui maxime ab veniam. Et quaerat hic eos vero delectus iste non accusamus soluta. Et ratione et ut qui ipsum fugiat cumque labore. Cupiditate voluptatem et porro natus.\nDolor aliquid id aut quia. Et quia totam ab. Est aliquam itaque modi numquam illo numquam illo ipsum. Commodi cumque vel nulla ipsa. Omnis distinctio aut esse. Est corrupti ducimus eligendi id quos laboriosam voluptas.\nFugiat voluptate dicta. Impedit ut rerum harum. Veniam ad molestiae qui ipsum iste ut voluptatem. Qui ipsa et id cupiditate inventore sequi quis. Fugit enim eos delectus aliquid non. Animi ipsam distinctio voluptatum reiciendis reiciendis tempora et in.\nVoluptatibus ab aut quia maiores iste pariatur culpa. Mollitia voluptatum voluptatem sit hic facilis aut voluptatem. Accusantium cupiditate odio excepturi rem voluptates consectetur eligendi id qui.\nTotam quo mollitia et laudantium odio recusandae pariatur. Est consectetur cumque assumenda aut debitis repellat ducimus vel eveniet. Voluptatem quisquam dolorum voluptatem aut consequuntur odio earum repellat sed. Facere nihil quisquam explicabo est non quasi. Rerum dolor assumenda optio voluptas.\nQuidem iusto placeat consequatur delectus omnis et nesciunt. Velit esse voluptatibus iste ratione nihil. Minima doloremque consequatur doloremque rerum repellat cumque cumque eius ex. Neque cupiditate voluptate et debitis dolor est ut.\nUt nesciunt omnis. Voluptatem sit repudiandae accusantium. Suscipit aperiam sit voluptatem voluptatem. Nesciunt culpa a quod sit quis at. Assumenda officia facilis dolor pariatur accusamus amet at corporis.\nQui beatae sed minus reprehenderit. Harum vel porro necessitatibus eligendi voluptatem. Facere similique non impedit repellendus molestiae in. Et ut dolor sed eaque non ratione.	2	4
3	Aut repudiandae qui sed esse.	Cupiditate doloribus et. Dicta eveniet fugit ipsum. Sunt vel praesentium accusantium sed quia voluptas distinctio voluptatibus.\nDoloremque nulla aut aut et est odit. Aut quae sapiente. A eos blanditiis ut voluptas eum sunt impedit quaerat qui. Nemo soluta commodi porro ex nobis sit amet. Illo commodi eaque labore a incidunt asperiores adipisci modi autem.	Quia rerum et ad et amet animi. Corporis odit eos. Aut consequatur voluptates nam.\nAnimi aliquid qui provident. Sint magni impedit rerum veniam. Fugit nemo rerum dolores ipsa est quaerat incidunt ut. Sint aliquid nihil consequuntur quod amet. Est ad quo. Dolores qui nihil quia neque.\nOmnis aut molestiae eos dolor voluptatem perferendis ad illum ex. Architecto soluta excepturi quo dolorem vel impedit modi alias. Facere nihil repudiandae sapiente. Dolor ex fugiat eum voluptatibus eum quia sit ipsum voluptatibus. Expedita id et nam ea veritatis.\nEt voluptatem et veritatis sed et excepturi nihil incidunt nostrum. Recusandae voluptas quo quisquam cupiditate et incidunt. Praesentium deleniti voluptatem sed nisi ratione. Qui reprehenderit voluptas labore eos soluta et consectetur. Consequatur iste neque qui eum dolore.\nSoluta harum ut exercitationem dignissimos dolores. Veniam veniam vel. Optio quod illo sunt tenetur consequatur odit veniam quasi sequi. Vero est corrupti voluptas. Inventore adipisci aliquam beatae soluta dolor.\nTempora non non quia voluptate non repudiandae quia atque. Dolorem rem voluptas eos. Rerum eligendi nihil aliquam nulla quasi et.\nRecusandae modi tempore enim occaecati minus est atque eveniet et. Earum porro dolore esse odit. Dolores molestiae aut vel dignissimos vel. Quo magnam et qui repudiandae eveniet. Vero qui distinctio optio amet impedit.\nMolestiae maiores autem voluptate. Ut nam nostrum animi ratione veniam velit at hic sint. Illo odit debitis consectetur deserunt sint doloribus repellendus et necessitatibus. Deserunt ut ducimus illum. Consectetur ratione non nam distinctio rerum sint. Veritatis ipsum saepe amet nulla non enim.\nIpsam facere consectetur dolore. Libero quos placeat perspiciatis accusamus consequatur reprehenderit. Vero pariatur ipsa ratione laboriosam sed. Placeat facilis ducimus harum ipsa unde laboriosam quae.\nQuo quis architecto qui tempora id officia. Consequatur aut doloremque. Doloremque ex esse voluptatibus pariatur temporibus et.	3	3
4	Voluptate nihil ut ut dolorum.	Ea suscipit consequuntur autem quisquam et asperiores voluptas quam consequatur. Nam non qui neque enim in. Odit expedita iste tenetur sed itaque amet praesentium. Enim ut dolor dolorem fugiat quo dolores sit amet debitis. Inventore dolores non dolore.\nDolor sint voluptas accusamus qui officia asperiores. Soluta accusamus non. Nisi est ut adipisci quo sequi.	Officiis consequatur molestiae repellendus rerum consequatur soluta. Vel nihil ipsam consectetur molestias non. Pariatur perspiciatis laudantium ut optio.\nVelit labore voluptatem iste molestiae sed distinctio nisi consequatur. Cumque ducimus aliquam voluptates necessitatibus mollitia consequatur. Ut harum dolore doloribus expedita consequuntur. Nam labore natus omnis hic consectetur aspernatur cumque. Amet quia hic nesciunt corrupti sequi aut saepe laboriosam aspernatur. Officiis atque mollitia.\nMagnam distinctio omnis. Expedita mollitia aperiam eum hic libero distinctio quo. Laboriosam aperiam enim et placeat quas. Assumenda et enim et in sequi fugit. Rerum asperiores aliquam animi.\nNostrum exercitationem dolores esse aut consectetur. Tempore molestias consequatur nemo sit temporibus esse. In voluptate saepe aut doloribus placeat. Reiciendis qui optio aliquid nostrum. Reprehenderit adipisci provident.\nRerum pariatur est reiciendis. Dolores vero doloremque et enim molestiae. Exercitationem ut sit architecto quia. Tenetur ullam temporibus incidunt nesciunt saepe excepturi vel dolorem. Nemo sit sunt consectetur laboriosam voluptas exercitationem inventore quae.\nRerum aut natus. Deleniti cupiditate sit non ut est sit ea fugiat. Hic voluptatibus accusantium neque vel corrupti ut ad et facilis. Dolore ut iusto quia qui et. Tempore voluptatem eveniet.\nVoluptatibus sed aut distinctio repellendus possimus. Sed odit veritatis ut. Est magni excepturi dolorem nisi eveniet dolorem eum error ut. Non pariatur inventore.\nOdit sit amet eveniet veniam deleniti aut voluptates iusto. Nihil consequatur iusto quia laborum id ut voluptatem. Nostrum accusantium voluptatem molestiae in quia et quo. Enim autem modi voluptas aut fugiat molestias voluptatem.\nCupiditate numquam ad nostrum animi nemo sit sint vitae odio. Eligendi ullam corrupti mollitia. Numquam voluptate voluptate.\nOfficiis dolor ullam dolore accusamus omnis vitae non et. Et illum quibusdam excepturi iste. Asperiores corrupti at non pariatur. Mollitia nisi labore. Expedita nisi possimus voluptatem eos enim numquam aut aut.	4	2
5	Natus molestias ab dignissimos non.	Laborum totam sunt ex corrupti praesentium deleniti quia. Quis et quidem nam libero deserunt laudantium. Consequatur blanditiis eveniet eos velit. Occaecati et nemo consequuntur sequi. Facere impedit dolor. Quis ut est et.\nVoluptatibus amet tempora cupiditate et iure hic. Beatae temporibus aut laboriosam repellendus autem. Aperiam molestias perspiciatis tempora recusandae. Quo qui unde et mollitia et iste quae. Rerum quisquam numquam et. Sint repudiandae voluptatum architecto consectetur nulla sunt ullam ut.	Minus officiis provident est perspiciatis sit laudantium. Tempore assumenda possimus et aliquid velit quod. Adipisci temporibus eligendi voluptas cum quia.\nCumque eveniet eos aspernatur illo. Et a voluptates delectus nihil. Doloremque rem accusantium dolorum sunt quis at veritatis. Esse vel quas hic omnis molestias saepe. Excepturi a et tenetur reprehenderit. Eius doloribus quo quia dignissimos et minus quis.\nQuod ea quisquam ducimus facere sunt quia incidunt delectus. Qui impedit ex praesentium. Consequatur qui dolores ea officiis est est expedita quis qui.\nPraesentium voluptatem sed. Earum et sed libero quibusdam quaerat. Et et sed.\nQuis laboriosam dolore vitae exercitationem modi aut commodi architecto recusandae. Non optio nam quae soluta. Quis similique magni voluptas nostrum eos.\nAtque consequatur numquam amet impedit eius. Aut at maiores expedita enim ab illum. Vitae non vel est dolorem nesciunt iusto et. Soluta et facilis et recusandae neque. Exercitationem explicabo id porro.\nLaudantium qui corporis aut est sint qui quam ut commodi. Corrupti quis exercitationem velit commodi ut rem. Ad autem vel labore architecto aut rerum. Illo ut necessitatibus illo consequatur. Voluptatem voluptatem quo sint assumenda distinctio repellat laboriosam. Voluptatibus accusamus sunt.\nQuis enim magnam modi harum pariatur vel dignissimos. Nihil sapiente id quasi enim tenetur. Ipsum id sed non. A at sed quasi ea.\nFuga assumenda similique unde officiis tenetur sint quas maiores tempore. Sed aut odio minus aperiam quae culpa. Et soluta illo et est quisquam aliquid.\nAdipisci provident omnis recusandae nobis omnis voluptatum beatae quidem. Tempore aut repudiandae accusamus consequatur illum quos. Quis doloribus rerum et autem quos voluptatem aperiam ullam eum. Et sed aut maxime animi voluptas voluptatem repellat. Unde id ea error assumenda similique quod officia nulla voluptates. Omnis nihil iusto dolore dolor eum placeat voluptate.	5	1
6	Vel numquam consequatur modi quis.	Ut cumque vel consequatur. Consequatur omnis numquam enim nisi nulla eum velit quos ut. Exercitationem nisi accusamus. Qui laudantium expedita asperiores nulla ipsam consequatur.\nBeatae aut qui ab debitis et eos distinctio tempore qui. Vero et rerum in ut quasi laboriosam. Sequi aut maxime aut perferendis est eveniet sit quia. Molestiae alias laborum.	Iste autem hic sed nulla quia facere. Facere iusto molestias explicabo corrupti. Qui a sapiente. Vero quia excepturi placeat ipsam.\nQui nesciunt eum provident sit inventore et corrupti blanditiis. Magnam officiis animi autem. Beatae veritatis est veritatis alias. Omnis sit assumenda ullam aut eveniet.\nNobis adipisci deserunt ipsa modi aut est enim animi ipsam. Corporis rem soluta sunt et culpa aliquam. Voluptatibus natus eum inventore enim aspernatur quia ea. Tempore est laborum et dolor repellat. Et a atque animi dolorem autem voluptatibus excepturi est impedit. Non autem qui sapiente minima sed velit nisi consequuntur veritatis.\nQuia voluptate qui qui aperiam in omnis aut laudantium. Ipsam debitis nemo et necessitatibus inventore aut. Omnis mollitia distinctio ullam officiis sit numquam maxime. A in aut possimus quasi laboriosam architecto repellat.\nCorporis rerum quo voluptas explicabo quis id rerum reprehenderit maxime. Nostrum sint facere qui ipsa consequuntur quae. Quam aspernatur ex qui reprehenderit reiciendis. Doloremque dolorum repellat aut et velit minus voluptate nihil ipsum. Esse quia dolores non.\nMaxime id iure repellat. Temporibus explicabo nisi temporibus repellendus. Pariatur voluptas eos velit eius asperiores. Qui ut nisi porro beatae nisi. Enim mollitia necessitatibus.\nEst laudantium qui. Cupiditate ducimus architecto esse. Iure ut est minus nisi veniam autem fugit. Veritatis magnam ut. Molestiae quibusdam fugiat.\nDolorem velit error eum voluptatem et facilis qui accusantium. Odio aut dicta ut neque dolores explicabo aut ad. Sit molestias unde quo explicabo numquam esse sunt. Cumque laborum voluptas assumenda sequi porro.\nNumquam perspiciatis et facere earum porro ratione illum explicabo. Et eaque qui voluptas ducimus. Saepe quae quo ratione placeat ratione deserunt consectetur quisquam veritatis. Omnis nostrum doloribus molestiae. Assumenda ad consequatur excepturi.\nMaiores fuga exercitationem maiores. Neque repellat non aut atque sed nihil hic accusamus asperiores. Laudantium itaque est veniam facilis alias et adipisci odit aut. Ut velit provident et saepe voluptate consequuntur ullam voluptas maxime. Quis dicta in ducimus pariatur odio nesciunt quia. Omnis ipsum labore officiis.	6	4
7	Assumenda ut officiis quidem aperiam.	Nobis velit sit magnam quis voluptates laborum est ullam deleniti. In aut expedita similique officia minima ipsam similique saepe ratione. Illum quis qui eum corrupti. Voluptatibus ipsa id sit sapiente doloribus quia culpa.\nReiciendis voluptas autem explicabo veritatis et sit. Quas ipsa eum dolorum dolores ipsam ut velit sit. Quia maxime aut similique voluptatem recusandae libero. Praesentium id laudantium ad debitis ut eos rerum sint. Rem impedit enim voluptas libero expedita culpa. Eligendi consequatur nihil velit enim nemo enim mollitia deleniti consequatur.	Soluta perspiciatis mollitia cumque nesciunt sequi cum aliquam perferendis porro. Nobis ex cum dolor itaque vel dolorem. Totam aperiam est tempore et.\nEa temporibus nihil quidem nemo repellat distinctio necessitatibus. Odio facere sed facere qui neque nesciunt et. Aliquid eos ut qui temporibus est qui officiis expedita. Ut sed natus aspernatur. Rerum ullam a culpa molestias. Illo doloribus aut debitis.\nConsequatur aut quisquam vero et. Molestiae minima repellendus voluptatem. Incidunt a aperiam. Qui ex quis numquam sequi molestiae sequi esse exercitationem unde. Est corrupti ipsam sit consequuntur autem ut. Doloribus atque asperiores ad voluptatibus harum.\nConsequuntur velit fugit velit voluptatum iusto est qui nobis vitae. Hic doloribus delectus expedita. Officia voluptatem ratione saepe quae. Quae sit quas ad et.\nUt accusantium in nulla quo laboriosam dolor et voluptatem. Possimus eligendi et cupiditate recusandae molestiae velit eius nostrum. Repellendus dignissimos illum praesentium. Sed sit consequatur quisquam.\nQuam est reprehenderit sit. Veniam sed autem et aut. Et saepe consequatur quia at officiis saepe sunt. Quis esse nisi omnis et quo. Reprehenderit quia commodi ducimus et error commodi omnis qui nobis. Voluptatibus minus ullam est autem et enim dolor cumque voluptas.\nAsperiores odit quam illo maxime blanditiis qui. Temporibus explicabo est. Enim dolor laudantium reprehenderit similique.\nEst occaecati tenetur qui corporis porro voluptate ut. Est doloremque asperiores. Commodi quisquam ut aliquam iusto eum ut. Et quibusdam assumenda natus assumenda voluptatibus quos ut exercitationem. Tenetur repellat sunt quod reprehenderit animi corrupti ratione dicta distinctio. Est animi nesciunt.\nNon dolorum qui natus ut facere voluptate sunt. Voluptatem ipsam omnis et et hic aut. Perferendis numquam nemo consequuntur et harum cum consequatur. Rerum aut quisquam adipisci.\nEt consequatur mollitia officia possimus amet facere velit quod omnis. Qui molestias amet qui et amet sed accusamus voluptate. Possimus eum accusantium exercitationem repellat. Vel dolor repudiandae. Quia cupiditate officiis accusamus voluptatum. Quam autem adipisci.	7	2
8	Eligendi sed voluptas soluta odit.	Voluptatem assumenda mollitia possimus. Reprehenderit nam exercitationem harum. Sed quia distinctio architecto unde quod aut est ab. Quia est sint. Quas aliquam accusantium enim est enim dolorum aut ipsa. Iure rem aliquam iusto.\nConsequatur enim laboriosam impedit ullam ea ut velit rerum nostrum. Temporibus totam ipsa rerum. Est vel provident voluptatem quae blanditiis sed consequatur. Cum iste tempore occaecati ipsam recusandae aperiam. Consequatur aut expedita voluptas aut officia.	Dolor incidunt corporis at dolor iste quam ut. Repellendus suscipit quis qui suscipit. Quia repellendus odio sapiente voluptas.\nUt facere modi aut omnis. Nihil adipisci incidunt expedita similique. Id rerum ipsum totam cum.\nEst qui veniam dolorum dicta sit. Omnis officiis facilis qui explicabo adipisci. Quae sint recusandae nisi illum error. Vel error voluptatum reiciendis. Provident possimus porro eum illo et aut. Culpa quisquam sed natus sint reprehenderit maiores laboriosam delectus inventore.\nAssumenda doloremque quo nostrum. Beatae quo ab. Illum consequatur eum qui debitis suscipit est fugiat. Possimus fugiat at saepe maiores id aut facere est dignissimos. Alias rerum quidem. Non in dolor in praesentium officiis eos vero et excepturi.\nTempora ut odit. Id harum voluptatum officia. A doloremque quis temporibus quisquam perferendis maxime corporis non sint.\nAb et minima. Itaque beatae et et. Ea architecto et. Impedit sunt qui recusandae.\nDucimus consequuntur ab. Accusamus temporibus et id consequatur pariatur sint aliquid et similique. Consequatur et quasi aperiam eius. Eos eum sed qui optio aliquam maxime.\nReiciendis repudiandae autem unde eos ratione consequuntur voluptatem. Et enim est. Quia enim sit eos est velit molestiae. Consequatur quod quia aliquid reprehenderit illo. Aspernatur velit optio sit sint ea. Incidunt voluptas molestiae ea ex rerum nihil quia.\nVoluptas voluptatibus cupiditate numquam libero fugiat aut. Expedita rerum deserunt sed voluptas. Reprehenderit iste necessitatibus eum quam veritatis. Dolore placeat pariatur molestiae velit. Enim maiores consequatur praesentium qui accusamus quae tenetur.\nEius reiciendis ut quia. Ut quis hic voluptatibus rerum. Ipsam enim rerum qui recusandae reiciendis voluptate ullam nesciunt et.	8	7
9	Ipsum non consequuntur laboriosam consectetur.	Sapiente reiciendis ut dolor necessitatibus illo. Sit voluptas ut non provident consectetur ea adipisci. Fuga ullam voluptas ipsa suscipit totam at reiciendis inventore. Ea ratione omnis.\nAspernatur molestiae nemo sint. Quam deserunt voluptatem inventore et qui dolor voluptatem perspiciatis possimus. Aliquam est asperiores laudantium minus incidunt. Ut quo porro sequi voluptate vel doloribus. Temporibus perferendis enim nam.	Non error maxime ipsam dignissimos. Repellendus assumenda voluptatibus est commodi voluptatem. Sit ipsum doloribus unde fugiat aut quod cumque eius.\nConsequatur aut ullam id ipsa earum quibusdam laudantium. Est quia consequatur. Cum sed rerum. Voluptatum iusto aut vero vero et explicabo aut reprehenderit veritatis. Quibusdam deleniti recusandae voluptate non est minima consequatur.\nEa ducimus beatae ipsa quaerat ducimus. Quam omnis ad vero assumenda commodi. Impedit nulla quia perspiciatis eaque eius qui. Corrupti ab itaque dolor molestiae quia incidunt aut aliquid. Reiciendis voluptates eius.\nVel blanditiis nulla illo veniam consequatur molestiae cum. Incidunt illo iure non. Praesentium ratione necessitatibus adipisci illo quaerat nihil architecto. Autem eos corrupti consequatur vitae et molestias est qui sapiente.\nUt corrupti expedita. Error sed voluptatem iure sunt vel dolorem. Modi quisquam voluptatem deleniti ratione et eaque est. A consectetur aut reiciendis id.\nDolorem officia rem quia et enim. Aliquid laborum provident at nesciunt. Voluptate asperiores facilis maiores. Ex totam quis voluptatem aspernatur voluptatum officiis animi vitae. Ipsum mollitia in suscipit est. Ea ipsa dolores veniam enim.\nRatione ut corrupti sit at. Rerum placeat aut et eum quibusdam quod eum accusamus eos. Dignissimos voluptatum eius qui expedita. Eligendi omnis reprehenderit aliquid sed laborum nobis.\nLibero eum vero. Corrupti velit recusandae aperiam pariatur nam debitis consequatur et. Amet veniam quibusdam. Et a vel reiciendis.\nDolore et est ut ducimus exercitationem voluptatem tenetur tempora. Modi dolorum dolorem non sed nisi mollitia. Pariatur est vel autem quas quod.\nVoluptatem omnis saepe quisquam nihil velit odit totam. Ex libero libero nam ut. Eius molestias quo vel temporibus aspernatur beatae quae sint itaque. Est nemo inventore molestiae facere libero et.	9	4
10	Temporibus quidem nisi voluptas corrupti.	Impedit quaerat recusandae occaecati doloremque animi accusamus. Facilis optio a voluptatem laborum. Enim quas iure molestiae aut corporis iste ea laudantium incidunt. Nihil sunt et voluptate sint. Hic velit saepe. Consequatur eius dolore magnam odit ut sit voluptate molestiae sit.\nEum hic sint. Nihil commodi voluptatibus est voluptate. Quia aut officiis esse fugiat sint consequatur nisi quibusdam tenetur. Ad possimus dolore.	Aliquam sit voluptatem ratione et voluptatum asperiores occaecati rem dolorem. Sunt quae suscipit. Exercitationem rerum voluptas et quam placeat voluptatem. Sunt deleniti ipsam ducimus eligendi et qui et.\nLaborum ex ipsam sed ex. Et dolores repellat non totam. Vero quis sit non velit eos. Ullam non impedit nobis sunt consequatur. Similique ipsam vitae voluptate necessitatibus qui vero vero aliquid illo.\nQuod molestiae et repudiandae atque numquam quam laborum. Reiciendis adipisci quae unde. Rerum temporibus labore autem non vitae in. Vel deleniti sapiente molestias labore provident consequatur voluptas et.\nEligendi saepe repellendus est neque amet sint. Vel quam nisi velit voluptatibus. Maiores labore vel explicabo. Tenetur dolores aut aperiam fuga aut.\nMagnam et aliquam autem. Quasi eos atque suscipit quia voluptatibus. At quos nam dolorem dolores eos laborum. Distinctio ullam aut animi eligendi. Et ullam incidunt molestias dicta magni.\nVoluptas ratione debitis ipsa dolores amet libero. A ea ducimus nisi numquam nam aperiam fugit magnam et. Aperiam reprehenderit qui repellendus magni eligendi. Qui laboriosam quis totam aliquid tempore ipsam fugit sed. Aperiam assumenda assumenda qui voluptate perspiciatis. Mollitia nesciunt et quo sed ea tempora fugiat quod.\nVel aut distinctio. Voluptas amet quidem minus cupiditate amet. Sit quisquam nemo ut excepturi modi et laborum aut laborum. Quae voluptatum officia cum odit et voluptatem.\nEt dolor asperiores voluptatibus at vero ut. A ipsa in est. Veniam asperiores nisi quod aliquid labore officiis quia.\nUt et dolores nesciunt modi minus quasi numquam sed perferendis. Atque autem eligendi eum et voluptas qui. Velit sunt earum consequatur.\nConsequatur et nisi perferendis est debitis quo voluptatem aliquam illo. Est rerum qui perferendis ipsam est et hic vel. Error veritatis quae reprehenderit sunt amet enim vel. Consequatur non tenetur quam assumenda dolorum. At quia dolor porro vel perferendis incidunt ipsam. Sit non dignissimos ut quae nam sunt.	10	5
11	Super article !	Description de mon article	Ceci est mon article	11	12
\.


--
-- TOC entry 3478 (class 0 OID 59612)
-- Dependencies: 228
-- Data for Name: category; Type: TABLE DATA; Schema: public; Owner: yumelio
--

COPY public.category (id, name, logo, color) FROM stdin;
1	Css3	PHN2ZyB3aWR0aD0iMTciIGhlaWdodD0iMTYiIHZpZXdCb3g9IjAgMCAxNyAxNiIgZmlsbD0ibm9uZSIgeG1sbnM9Imh0dHA6Ly93d3cudzMub3JnLzIwMDAvc3ZnIj4KPGcgY2xpcC1wYXRoPSJ1cmwoI2NsaXAwXzMyXzExOSkiPgo8cGF0aCBkPSJNNS41MDEzNCAwSDcuMjIwMDFWMC43MTg2NjdINi4yMjAwMVYxLjQzNzMzSDcuMjIwMDFWMi4xNTZINS41MDEzNFYwWk03LjU2MzM0IDBIOS4yODI2OFYwLjYyNTMzM0g4LjI4MjY4VjAuNzVIOS4yODI2OFYyLjE4NzMzSDcuNTYzMzRWMS41MzEzM0g4LjU2MzM0VjEuNDA2SDcuNTYzMzRWMFpNOS42MjY2OCAwSDExLjM0NDdWMC42MjUzMzNIMTAuMzQ0N1YwLjc1SDExLjM0NDdWMi4xODczM0g5LjYyNjY4VjEuNTMxMzNIMTAuNjI2N1YxLjQwNkg5LjYyNjY4VjBaIiBmaWxsPSJ3aGl0ZSIvPgo8cGF0aCBmaWxsLXJ1bGU9ImV2ZW5vZGQiIGNsaXAtcnVsZT0iZXZlbm9kZCIgZD0iTTguNDk0IDE2TDMuODY0NjcgMTQuNzE0N0wyLjUgMy4xNDQ2NUgxNC41TDEzLjEzNiAxNC43MTMzTDguNDk0IDE2Wk01LjE5OCA4LjM4MTk5TDUuMzI1MzMgOS44MDA2NUgxMC4yNDMzTDEwLjA3ODcgMTEuNjQwN0w4LjQ5NiAxMi4wNjg3SDguNDk0NjdMNi45MTQ2NyAxMS42NDJMNi44MTMzMyAxMC41MTA3SDUuMzg4NjdMNS41ODczMyAxMi43Mzg3TDguNDk0IDEzLjU0NTNMMTEuNDA1MyAxMi43Mzg3TDExLjc2IDguNzYyNjVMMTEuNzk0NyA4LjM4MTk5TDEyLjA1MDcgNS41MDkzMkg0Ljk0MjY3TDUuMDcyIDYuOTI4NjVIMTAuNDk2TDEwLjM2NjcgOC4zODE5OUg1LjE5OFoiIGZpbGw9IndoaXRlIi8+CjwvZz4KPGRlZnM+CjxjbGlwUGF0aCBpZD0iY2xpcDBfMzJfMTE5Ij4KPHJlY3Qgd2lkdGg9IjE2IiBoZWlnaHQ9IjE2IiBmaWxsPSJ3aGl0ZSIgdHJhbnNmb3JtPSJ0cmFuc2xhdGUoMC41KSIvPgo8L2NsaXBQYXRoPgo8L2RlZnM+Cjwvc3ZnPgo=	\N
2	EJS	PHN2ZyB3aWR0aD0iMTYiIGhlaWdodD0iOSIgdmlld0JveD0iMCAwIDE2IDkiIGZpbGw9Im5vbmUiIHhtbG5zPSJodHRwOi8vd3d3LnczLm9yZy8yMDAwL3N2ZyI+CjxwYXRoIGQ9Ik01LjkxNzE5IDAuMDY2ODkzNFYxLjc4MThMMi4wMTg0NCAzLjQ0NTRMNS45MTcxOSA1LjE2ODUyVjYuODQ5MDVMMCA0LjIzMjA4VjIuNzAxMzVMNS45MTcxOSAwLjA2Njg5MzRaTTkuOTQzNTkgMS42MTkzOEM5Ljk0MzU5IDEuMTgxMjMgOS41MTE0MSAwLjkwNTg5IDkuMTY3NTYgMS4xMjQ5N0M4LjgyMzcyIDEuMzQ0MDUgOC44MjM3MiAxLjg5NDcyIDkuMTY3NTYgMi4xMTM4M0M5LjUxMTQ0IDIuMzMyOTEgOS45NDM1OSAyLjA1NzU0IDkuOTQzNTkgMS42MTkzOFpNOC41MzM2IDIuOTY1NjRDNy4zNjc1OSAyLjM2OTc2IDcuMzY3NTkgMC44NzE5MjIgOC41MzM2IDAuMjc2MDA5QzkuNjk5NjMgLTAuMzE5ODc0IDExLjE2NTEgMC40MjkwNDQgMTEuMTY1MSAxLjYyMDg0QzExLjE2NTEgMi44MTI2NCA5LjY5OTU5IDMuNTYxNTYgOC41MzM2IDIuOTY1NjRaTTE0Ljc3ODUgNi40NTk0NkMxNC43Nzg1IDYuMDIxMyAxNC4zNDYzIDUuNzQ1OTcgMTQuMDAyNSA1Ljk2NTA1QzEzLjY1ODcgNi4xODQxMiAxMy42NTg3IDYuNzM0NzkgMTQuMDAyNSA2Ljk1Mzg3QzE0LjM0NjQgNy4xNzI5NSAxNC43Nzg1IDYuODk3NjIgMTQuNzc4NSA2LjQ1OTQ2Wk0xMy4zNjg1IDcuODA1NzJDMTIuMjAyNSA3LjIwOTgzIDEyLjIwMjUgNS43MTIgMTMuMzY4NSA1LjExNjA4QzE0LjUzNDUgNC41MjAxNyAxNiA1LjI2OTEyIDE2IDYuNDYwOTJDMTYgNy42NTI3MSAxNC41MzQ1IDguNDAxNjMgMTMuMzY4NSA3LjgwNTcyWk05Ljc4NTU5IDguMDE0ODZMMTUuODYwOSAwLjAxNDg2MjFIMTMuNzg1TDcuNjA4NDQgOC4wMTQ4Nkg5Ljc4NTU5WiIgZmlsbD0id2hpdGUiLz4KPC9zdmc+Cg==	\N
3	Figma	PHN2ZyB3aWR0aD0iMTEiIGhlaWdodD0iMTciIHZpZXdCb3g9IjAgMCAxMSAxNyIgZmlsbD0ibm9uZSIgeG1sbnM9Imh0dHA6Ly93d3cudzMub3JnLzIwMDAvc3ZnIj4KPHBhdGggZD0iTS0wLjAwMDY3MTM4NyAzLjQyNDI5Qy0wLjAwMDY3MTM4NyAxLjc3MTA0IDEuMzI0NjkgMC40MzA3ODYgMi45NTk2MSAwLjQzMDc4Nkg4LjAzOTA1QzkuNjczOTcgMC40MzA3ODYgMTAuOTk5MyAxLjc3MTA0IDEwLjk5OTMgMy40MjQyOUMxMC45OTkzIDQuNDcxMTYgMTAuNDY3OSA1LjM5MjU0IDkuNjYzIDUuOTI3NTdDMTAuNDY3OSA2LjQ2MjYzIDEwLjk5OTMgNy4zODM5NyAxMC45OTkzIDguNDMwODVDMTAuOTk5MyAxMC4wODQxIDkuNjczOTcgMTEuNDI0NCA4LjAzOTA1IDExLjQyNDRINy45NzQ3N0M3LjIwODMyIDExLjQyNDQgNi41MDk4OCAxMS4xMjk4IDUuOTg0MTYgMTAuNjQ2NVYxMy40MDQ4QzUuOTg0MTYgMTUuMDgwMSA0LjYyNDE2IDE2LjQzMDggMi45NzU1NSAxNi40MzA4QzEuMzQ0NzIgMTYuNDMwOCAtMC4wMDA2NzEzODcgMTUuMDk0NiAtMC4wMDA2NzEzODcgMTMuNDM3M0MtMC4wMDA2NzEzODcgMTIuMzkwNCAwLjUzMDcwMyAxMS40NjkxIDEuMzM1NTcgMTAuOTM0MUMwLjUzMDY0MiAxMC4zOTkgLTAuMDAwNjcxMzg3IDkuNDc3NjYgLTAuMDAwNjcxMzg3IDguNDMwODVDLTAuMDAwNjcxMzg3IDcuMzgzOTcgMC41MzA3MzQgNi40NjI2MyAxLjMzNTYzIDUuOTI3NTdDMC41MzA3NjUgNS4zOTI1NCAtMC4wMDA2NzEzODcgNC40NzExNiAtMC4wMDA2NzEzODcgMy40MjQyOVpNNS4wMTQ0OSA2LjQxNzg4SDIuOTU5NjFDMS44NjAyMSA2LjQxNzg4IDAuOTY4OTk5IDcuMzE5MTMgMC45Njg5OTkgOC40MzA4NUMwLjk2ODk5OSA5LjUzODI5IDEuODUzMzUgMTAuNDM2OCAyLjk0Njg3IDEwLjQ0MzhMMi45NTk2MSAxMC40NDM4SDUuMDE0NDlWNi40MTc4OFpNNS45ODQxNiA4LjQzMDg1QzUuOTg0MTYgOS41NDI1NyA2Ljg3NTM3IDEwLjQ0MzggNy45NzQ3NyAxMC40NDM4SDguMDM5MDVDOS4xMzg0NSAxMC40NDM4IDEwLjAyOTcgOS41NDI1NyAxMC4wMjk3IDguNDMwODVDMTAuMDI5NyA3LjMxOTEzIDkuMTM4NDUgNi40MTc4OCA4LjAzOTA1IDYuNDE3ODhINy45NzQ3N0M2Ljg3NTM3IDYuNDE3ODggNS45ODQxNiA3LjMxOTEzIDUuOTg0MTYgOC40MzA4NVpNMi45NTk2MSAxMS40MjQ0TDIuOTQ2ODcgMTEuNDI0M0MxLjg1MzM1IDExLjQzMTMgMC45Njg5OTkgMTIuMzI5OCAwLjk2ODk5OSAxMy40MzczQzAuOTY4OTk5IDE0LjU0NDkgMS44NzIxNCAxNS40NTAyIDIuOTc1NTUgMTUuNDUwMkM0LjA5Njc3IDE1LjQ1MDIgNS4wMTQ0OSAxNC41MzAzIDUuMDE0NDkgMTMuNDA0OFYxMS40MjQ0SDIuOTU5NjFaTTIuOTU5NjEgMS40MTEzNUMxLjg2MDIxIDEuNDExMzUgMC45Njg5OTkgMi4zMTI2IDAuOTY4OTk5IDMuNDI0MjlDMC45Njg5OTkgNC41MzYwNCAxLjg2MDI0IDUuNDM3MjUgMi45NTk2MSA1LjQzNzI1SDUuMDE0NDlWMS40MTEzMkwyLjk1OTYxIDEuNDExMzVaTTUuOTg0MTYgNS40MzcyNUg4LjAzOTA1QzkuMTM4NDUgNS40MzcyNSAxMC4wMjk3IDQuNTM2MDQgMTAuMDI5NyAzLjQyNDI5QzEwLjAyOTcgMi4zMTI1NyA5LjEzODQ1IDEuNDExMzUgOC4wMzkwNSAxLjQxMTM1SDUuOTg0MTZWNS40MzcyNVoiIGZpbGw9IndoaXRlIi8+Cjwvc3ZnPgo=	\N
4	Git	PHN2ZyB3aWR0aD0iMTYiIGhlaWdodD0iMTciIHZpZXdCb3g9IjAgMCAxNiAxNyIgZmlsbD0ibm9uZSIgeG1sbnM9Imh0dHA6Ly93d3cudzMub3JnLzIwMDAvc3ZnIj4KPHBhdGggZD0iTTE1LjY5NjkgNy43MTc3N0w4LjcxMDg2IDAuNzMyNzY4QzguNjE1MjEgMC42MzcwNyA4LjUwMTY0IDAuNTYxMTU1IDguMzc2NjQgMC41MDkzNjFDOC4yNTE2NCAwLjQ1NzU2NyA4LjExNzY2IDAuNDMwOTA4IDcuOTgyMzYgMC40MzA5MDhDNy44NDcwNiAwLjQzMDkwOCA3LjcxMzA4IDAuNDU3NTY3IDcuNTg4MDggMC41MDkzNjFDNy40NjMwOCAwLjU2MTE1NSA3LjM0OTUxIDAuNjM3MDcgNy4yNTM4NiAwLjczMjc2OEw1LjgwMzg2IDIuMTgyNzdMNy42NDM4NiA0LjAyMjc3QzcuODYwODYgMy45NDg2OCA4LjA5NDMzIDMuOTM3MDkgOC4zMTc2IDMuOTg5MzJDOC41NDA4OCA0LjA0MTU1IDguNzQ0OTcgNC4xNTU1IDguOTA2NTkgNC4zMTgxNkM5LjA2ODIxIDQuNDgwODIgOS4xODA4NSA0LjY4NTY1IDkuMjMxNjQgNC45MDkyNUM5LjI4MjQ0IDUuMTMyODYgOS4yNjkzNSA1LjM2NjI1IDkuMTkzODYgNS41ODI3N0wxMC45NjY5IDcuMzU2NzdDMTEuMjI5MiA3LjI2NDQxIDExLjUxNTEgNy4yNjQxMyAxMS43Nzc2IDcuMzU1OTdDMTIuMDQwMSA3LjQ0NzgyIDEyLjI2MzUgNy42MjYzMSAxMi40MTEgNy44NjIwN0MxMi41NTg1IDguMDk3ODIgMTIuNjIxMyA4LjM3Njc4IDEyLjU4OTEgOC42NTMwMUMxMi41NTY5IDguOTI5MjMgMTIuNDMxNiA5LjE4NjI2IDEyLjIzMzkgOS4zODE3N0MxMi4wMzM2IDkuNTgzMjEgMTEuNzY5NyA5LjcwODg5IDExLjQ4NzEgOS43MzczNEMxMS4yMDQ1IDkuNzY1OCAxMC45MjA4IDkuNjk1MjUgMTAuNjg0NSA5LjUzNzc2QzEwLjQ0ODEgOS4zODAyNyAxMC4yNzM4IDkuMTQ1NjEgMTAuMTkxMiA4Ljg3Mzg1QzEwLjEwODcgOC42MDIxIDEwLjEyMyA4LjMxMDExIDEwLjIzMTkgOC4wNDc3N0w4LjU3ODg2IDYuMzkzNzdWMTAuNzQ2OEM4LjgzMDEyIDEwLjg3MTEgOS4wMzExNiAxMS4wNzc5IDkuMTQ4NDggMTEuMzMyNUM5LjI2NTc5IDExLjU4NzEgOS4yOTIyOSAxMS44NzQzIDkuMjIzNTcgMTIuMTQ2MUM5LjE1NDg0IDEyLjQxNzkgOC45OTUwMyAxMi42NTc5IDguNzcwNzkgMTIuODI2MkM4LjU0NjU0IDEyLjk5NDQgOC4yNzEzOSAxMy4wODA3IDcuOTkxMjIgMTMuMDcwN0M3LjcxMTA0IDEzLjA2MDcgNy40NDI3NiAxMi45NTUgNy4yMzEwOCAxMi43NzEyQzcuMDE5NDEgMTIuNTg3MyA2Ljg3NzE0IDEyLjMzNjUgNi44Mjc5NyAxMi4wNjA1QzYuNzc4ODEgMTEuNzg0NSA2LjgyNTczIDExLjUgNi45NjA5MSAxMS4yNTQ0QzcuMDk2MDkgMTEuMDA4OCA3LjMxMTM3IDEwLjgxNjkgNy41NzA4NiAxMC43MTA4VjYuMzE3NzdDNy40MjExNSA2LjI1NjQyIDcuMjg1MDYgNi4xNjYwNSA3LjE3MDQ0IDYuMDUxODZDNy4wNTU4MiA1LjkzNzY3IDYuOTY0OTMgNS44MDE5MyA2LjkwMzAyIDUuNjUyNDVDNi44NDExMSA1LjUwMjk3IDYuODA5NCA1LjM0MjcyIDYuODA5NzIgNS4xODA5M0M2LjgxMDAzIDUuMDE5MTMgNi44NDIzNyA0Ljg1OSA2LjkwNDg2IDQuNzA5NzdMNS4wOTE4NiAyLjg5NTc3TDAuMzAxODYgNy42ODU3N0MwLjIwNjE2MiA3Ljc4MTQyIDAuMTMwMjQ3IDcuODk0OTkgMC4wNzg0NTI4IDguMDE5OTlDMC4wMjY2NTg2IDguMTQ0OTkgMCA4LjI3ODk2IDAgOC40MTQyN0MwIDguNTQ5NTcgMC4wMjY2NTg2IDguNjgzNTUgMC4wNzg0NTI4IDguODA4NTVDMC4xMzAyNDcgOC45MzM1NSAwLjIwNjE2MiA5LjA0NzEyIDAuMzAxODYgOS4xNDI3N0w3LjI4Nzg2IDE2LjEyODhDNy4zODM1MSAxNi4yMjQ1IDcuNDk3MDggMTYuMzAwNCA3LjYyMjA4IDE2LjM1MjJDNy43NDcwOCAxNi40MDQgNy44ODEwNiAxNi40MzA2IDguMDE2MzYgMTYuNDMwNkM4LjE1MTY2IDE2LjQzMDYgOC4yODU2NCAxNi40MDQgOC40MTA2NCAxNi4zNTIyQzguNTM1NjQgMTYuMzAwNCA4LjY0OTIxIDE2LjIyNDUgOC43NDQ4NiAxNi4xMjg4TDE1LjY5NzkgOS4xNzU3N0MxNS44OTA5IDguOTgyNDYgMTUuOTk5MyA4LjcyMDQ1IDE1Ljk5OTMgOC40NDcyN0MxNS45OTkzIDguMTc0MDkgMTUuODkwOSA3LjkxMjA4IDE1LjY5NzkgNy43MTg3NyIgZmlsbD0id2hpdGUiLz4KPC9zdmc+Cg==	\N
5	Heroku	PHN2ZyB3aWR0aD0iMTUiIGhlaWdodD0iMTciIHZpZXdCb3g9IjAgMCAxNSAxNyIgZmlsbD0ibm9uZSIgeG1sbnM9Imh0dHA6Ly93d3cudzMub3JnLzIwMDAvc3ZnIj4KPHBhdGggZD0iTTEzLjQ5NjQgMC40MzA4MDJIMS41MDQyNkMxLjMwNjQ2IDAuNDI5OTE5IDEuMTEwNDQgMC40NjY1NjMgMC45Mjc1MjIgMC41Mzg2MTdDMC43NDQ2MDIgMC42MTA2NzEgMC41Nzg0MDkgMC43MTY3MDcgMC40Mzg1NDMgMC44NTA1OTlDMC4yOTg2NzcgMC45ODQ0OTEgMC4xODc5MTEgMS4xNDM1OSAwLjExMjY0MiAxLjMxODY5QzAuMDM3MzczIDEuNDkzOCAtMC4wMDA5MDU4NzkgMS42ODE0NSAxLjYyNzI5ZS0wNSAxLjg3MDhWMTQuOTkxNEMtMC4wMDA4MTM2MyAxNS4xODA3IDAuMDM3NTMzNCAxNS4zNjgzIDAuMTEyODQzIDE1LjU0MzNDMC4xODgxNTQgMTUuNzE4NCAwLjI5ODkzNSAxNS44Nzc0IDAuNDM4NzkyIDE2LjAxMTJDMC41Nzg2NDggMTYuMTQ1IDAuNzQ0ODEgMTYuMjUxIDAuOTI3Njg0IDE2LjMyM0MxLjExMDU2IDE2LjM5NSAxLjMwNjUyIDE2LjQzMTcgMS41MDQyNiAxNi40MzA4SDEzLjQ5NjRDMTMuNjk0MSAxNi40MzE2IDEzLjg5IDE2LjM5NDkgMTQuMDcyOCAxNi4zMjI4QzE0LjI1NTYgMTYuMjUwOCAxNC40MjE3IDE2LjE0NDggMTQuNTYxNSAxNi4wMTFDMTQuNzAxMiAxNS44NzcyIDE0LjgxMiAxNS43MTgyIDE0Ljg4NzIgMTUuNTQzMkMxNC45NjI1IDE1LjM2ODIgMTUuMDAwOCAxNS4xODA3IDE1IDE0Ljk5MTRWMS44NzA4QzE1LjAwMSAxLjY4MTQ4IDE0Ljk2MjggMS40OTM4NSAxNC44ODc2IDEuMzE4NzRDMTQuODEyNCAxLjE0MzY0IDE0LjcwMTcgMC45ODQ1MzkgMTQuNTYxOSAwLjg1MDYzOEMxNC40MjIxIDAuNzE2NzM3IDE0LjI1NTkgMC42MTA2OTEgMTQuMDczMSAwLjUzODYyOUMxMy44OTAyIDAuNDY2NTY3IDEzLjY5NDIgMC40Mjk5MTggMTMuNDk2NCAwLjQzMDgwMlpNMTQuMTY1IDE0Ljk5MTRDMTQuMTY1IDE1LjM1MDggMTMuODcxOCAxNS42MzE0IDEzLjQ5NjQgMTUuNjMxNEgxLjUwNDI2QzEuNDE2MTUgMTUuNjMyNSAxLjMyODcxIDE1LjYxNjcgMS4yNDcwOSAxNS41ODQ5QzEuMTY1NDcgMTUuNTUzMSAxLjA5MTMzIDE1LjUwNiAxLjAyOTAyIDE1LjQ0NjRDMC45NjY3MTUgMTUuMzg2NyAwLjkxNzUxMiAxNS4zMTU4IDAuODg0MzEyIDE1LjIzNzZDMC44NTExMTEgMTUuMTU5NSAwLjgzNDU4NSAxNS4wNzU4IDAuODM1NzA4IDE0Ljk5MTRWMS44NzA4QzAuODM1NzA4IDEuNTEwOCAxLjEyODIgMS4yMzAxMyAxLjUwNDI2IDEuMjMwMTNIMTMuNDk2NEMxMy41ODQ1IDEuMjI5MjQgMTMuNjcyIDEuMjQ1MjEgMTMuNzUzNSAxLjI3NzA5QzEzLjgzNTEgMS4zMDg5OCAxMy45MDkyIDEuMzU2MTUgMTMuOTcxNSAxLjQxNTgzQzE0LjAzMzggMS40NzU1MSAxNC4wODMgMS41NDY1IDE0LjExNjIgMS42MjQ2MkMxNC4xNDk0IDEuNzAyNzUgMTQuMTY2IDEuNzg2NDUgMTQuMTY1IDEuODcwOFYxNC45OTE0Wk0zLjc2MDYzIDE0LjAzMDFMNS42NDA5MyAxMi40MzA4TDMuNzYwNjMgMTAuODMwOFYxNC4wMzAxWk0xMC41Mjk3IDcuNTUwNzlDMTAuMTk2MSA3LjIzMDc5IDkuNTY5MzggNi44MzA3OSA4LjUyNDc3IDYuODMwNzlDNy4zOTU4OCA2LjgzMDc5IDYuMjI1OTIgNy4xMTE0NSA1LjM5MDkyIDcuMzkwNzlWMi44MzA4SDMuNzE5NTRWOS43NTA3OEw0Ljg4OTUxIDkuMjMwNzhDNC44ODk1MSA5LjIzMDc4IDYuODExNiA4LjM5MDc5IDguNDgyOTggOC4zOTA3OUM5LjMxODY3IDguMzkwNzkgOS41Mjc2IDguODMwNzggOS41Mjc2IDkuMjMwNzhWMTQuMDMwOEgxMS4xOTlWOS4yMzA3OEMxMS4yNDAxIDkuMTExNDUgMTEuMjQwMSA4LjIzMDEyIDEwLjUyOTcgNy41NTA3OVpNOC4zMTUxNSA1LjQzMDc5SDkuOTg2NTNDMTAuNzM4NyA0LjU5MDc5IDExLjExNDcgMy43NTAxMyAxMS4yNDAxIDIuODMwOEg5LjU2OTM4QzkuNDAxNTQgMy43NTAxMyA4Ljk4MzcgNC41OTA3OSA4LjMxNTE1IDUuNDMwNzlaIiBmaWxsPSJ3aGl0ZSIvPgo8L3N2Zz4K	\N
6	Html5	PHN2ZyB3aWR0aD0iMTIiIGhlaWdodD0iMTYiIHZpZXdCb3g9IjAgMCAxMiAxNiIgZmlsbD0ibm9uZSIgeG1sbnM9Imh0dHA6Ly93d3cudzMub3JnLzIwMDAvc3ZnIj4KPHBhdGggZD0iTTEuMzg2NjYgMEgyLjEwNzk5VjAuNzEyNjY3SDIuNzY3OTlWMEgzLjQ4OTMyVjIuMTU3MzNIMi43Njc5OVYxLjQzNTMzSDIuMTA3OTlWMi4xNTczM0gxLjM4NzMyVjBIMS4zODY2NlpNNC40MzczMiAwLjcxNTMzM0gzLjgwMjY2VjBINS43OTM5OVYwLjcxNTMzM0g1LjE1ODY2VjIuMTU3MzNINC40MzczMlYwLjcxNTMzM1pNNi4xMDk5OSAwSDYuODYxOTlMNy4zMjQ2NiAwLjc1OEw3Ljc4NjY2IDBIOC41Mzg2NlYyLjE1NzMzSDcuODIwNjZWMS4wODhMNy4zMjQ2NiAxLjg1NTMzSDcuMzExOTlMNi44MTUzMiAxLjA4ODY3VjIuMTU3MzNINi4xMDk5OVYwWk04Ljg5NzMyIDBIOS42MTkzMlYxLjQ0NDY3SDEwLjYzMjdWMi4xNThIOC44OTczMlYwWiIgZmlsbD0id2hpdGUiLz4KPHBhdGggZmlsbC1ydWxlPSJldmVub2RkIiBjbGlwLXJ1bGU9ImV2ZW5vZGQiIGQ9Ik0xLjM2NCAxNC43MTQ3TDAgMy4xNDQ2NUgxMkwxMC42MzUzIDE0LjcxMzNMNS45OTMzMyAxNkwxLjM2NCAxNC43MTQ3Wk00LjEyMiA4LjM4MTMyTDMuOTkyNjcgNi45Mjc5OUg5LjQyMjY3TDkuNTQ5MzMgNS41MDkzMkgyLjQ0MjY3TDIuODI1MzMgOS44MDA2NUg3Ljc0MzMzTDcuNTc4NjcgMTEuNjQwN0w1Ljk5NiAxMi4wNjg3SDUuOTk0NjdMNC40MTQ2NyAxMS42NDJMNC4zMTMzMyAxMC41MTA3SDIuODg4TDMuMDg2NjcgMTIuNzM4N0w1Ljk5MzMzIDEzLjU0NTNMOC45MDQ2NyAxMi43Mzg3TDkuMjU5MzMgOC43NjI2NUw5LjI5NCA4LjM4MTk5SDQuMTIyVjguMzgxMzJaIiBmaWxsPSJ3aGl0ZSIvPgo8L3N2Zz4K	\N
7	Javascript	PHN2ZyB3aWR0aD0iMTYiIGhlaWdodD0iMTYiIHZpZXdCb3g9IjAgMCAxNiAxNiIgZmlsbD0ibm9uZSIgeG1sbnM9Imh0dHA6Ly93d3cudzMub3JnLzIwMDAvc3ZnIj4KPHBhdGggZmlsbC1ydWxlPSJldmVub2RkIiBjbGlwLXJ1bGU9ImV2ZW5vZGQiIGQ9Ik0wIDBIMTZWMTZIMFYwWk0xMi4yMzEzIDEzLjQxMzNDMTEuNDg5MyAxMy40MTMzIDExLjA3IDEzLjAyNjcgMTAuNzQ4IDEyLjVMOS41MjYgMTMuMjFDOS45NjczMyAxNC4wODIgMTAuODY5MyAxNC43NDczIDEyLjI2NiAxNC43NDczQzEzLjY5NCAxNC43NDczIDE0Ljc1NzMgMTQuMDA2IDE0Ljc1NzMgMTIuNjUyQzE0Ljc1NzMgMTEuMzk2NyAxNC4wMzYgMTAuODM4NyAxMi43NTg3IDEwLjI5TDEyLjM4MjcgMTAuMTI5M0MxMS43MzczIDkuODQ5MzMgMTEuNDU4IDkuNjY3MzMgMTEuNDU4IDkuMjE2QzExLjQ1OCA4Ljg1MTMzIDExLjczOCA4LjU3MiAxMi4xNzggOC41NzJDMTIuNjA5MyA4LjU3MiAxMi44ODczIDguNzU0IDEzLjE0NTMgOS4yMTZMMTQuMzE2IDguNDY0NjdDMTMuODIwNyA3LjU5MzMzIDEzLjEzNCA3LjI2MDY3IDEyLjE3OCA3LjI2MDY3QzEwLjgzNTMgNy4yNjA2NyA5Ljk3NiA4LjExOTMzIDkuOTc2IDkuMjQ3MzNDOS45NzYgMTAuNDcwNyAxMC42OTYgMTEuMDUgMTEuNzgxMyAxMS41MTJMMTIuMTU3MyAxMS42NzMzQzEyLjg0MzMgMTEuOTczMyAxMy4yNTIgMTIuMTU2IDEzLjI1MiAxMi42NzEzQzEzLjI1MiAxMy4xMDIgMTIuODU0IDEzLjQxMzMgMTIuMjMxMyAxMy40MTMzWk02LjQwNDY3IDEzLjQwMzNDNS44ODggMTMuNDAzMyA1LjY3MjY3IDEzLjA1IDUuNDM2NjcgMTIuNjNMNC4yMTI2NyAxMy4zNzEzQzQuNTY3MzMgMTQuMTIyIDUuMjY0NjcgMTQuNzQ0NyA2LjQ2OCAxNC43NDQ3QzcuODAwNjcgMTQuNzQ0NyA4LjcxMzMzIDE0LjAzNiA4LjcxMzMzIDEyLjQ3OTNWNy4zNDZINy4yMVYxMi40NTkzQzcuMjEgMTMuMjEwNyA2Ljg5OCAxMy40MDMzIDYuNDA0IDEzLjQwMzNINi40MDQ2N1oiIGZpbGw9IndoaXRlIi8+Cjwvc3ZnPgo=	\N
8	Mongo	PHN2ZyB3aWR0aD0iOSIgaGVpZ2h0PSIxOSIgdmlld0JveD0iMCAwIDkgMTkiIGZpbGw9Im5vbmUiIHhtbG5zPSJodHRwOi8vd3d3LnczLm9yZy8yMDAwL3N2ZyI+CjxwYXRoIGQ9Ik01Ljk4MDAyIDIuNDI4NzVDNS4yNTg0IDEuNTI4MyA0LjYzMTI4IDAuNjI3ODQ4IDQuNTExMDEgMC40Mjk3NDlINC40ODUyNEM0LjM2NDk3IDAuNjE4ODQzIDMuNzM3ODUgMS41MjgzIDMuMDE2MjMgMi40Mjg3NUMtMy4xNjkwNyAxMC43MDM5IDMuOTk1NTcgMTYuMjg2NyAzLjk5NTU3IDE2LjI4NjdMNC4wNTU3IDE2LjMzMTdDNC4xMDcyNSAxNy4xODcxIDQuMjQ0NyAxOC40Mjk3IDQuMjQ0NyAxOC40Mjk3SDQuNzc3MzJDNC43NzczMiAxOC40Mjk3IDQuOTA2MTggMTcuMTk2MSA0Ljk1NzczIDE2LjMzMTdMNS4wMTc4NiAxNi4yNzc3QzUuMDE3ODYgMTYuMjc3NyAxMi4xNjUzIDEwLjcwMzkgNS45ODAwMiAyLjQyODc1Wk00LjQ4NTI0IDE2LjE2MDZDNC4zMzQ2OCAxNi4wMzEgNC4xOTY1NyAxNS44ODYyIDQuMDcyODkgMTUuNzI4NEw0LjQ4NTI0IDYuNzIzOUw0Ljg3MTgyIDE1LjcyODRDNC43NTU5MyAxNS44ODQ2IDQuNjI2NTIgMTYuMDI5MyA0LjQ4NTI0IDE2LjE2MDZaIiBmaWxsPSJ3aGl0ZSIvPgo8L3N2Zz4K	\N
9	NodeJs	PHN2ZyB3aWR0aD0iMjciIGhlaWdodD0iMTciIHZpZXdCb3g9IjAgMCAyNyAxNyIgZmlsbD0ibm9uZSIgeG1sbnM9Imh0dHA6Ly93d3cudzMub3JnLzIwMDAvc3ZnIj4KPHBhdGggZD0iTTEzLjM0MzkgMTYuNDI5N0MxMy4yNTUzIDE2LjQyOTcgMTMuMTY2NyAxNi40MDUzIDEzLjA4NjYgMTYuMzY0NEwxMi4yNzY2IDE1Ljg5OTFDMTIuMTU0MiAxNS44MzM4IDEyLjIxMzMgMTUuODA5MyAxMi4yNTU1IDE1Ljc5NzFDMTIuNDE1OCAxNS43NDQgMTIuNDQ5NSAxNS43MzE4IDEyLjYyMjUgMTUuNjMzOEMxMi42Mzk0IDE1LjYyNTYgMTIuNjY0NyAxNS42Mjk3IDEyLjY4MTYgMTUuNjM3OUwxMy4zMDU5IDE1Ljk5NzFDMTMuMzI3IDE2LjAwOTMgMTMuMzYwOCAxNi4wMDkzIDEzLjM4MTkgMTUuOTk3MUwxNS44MjAzIDE0LjYzMzhDMTUuODQxNCAxNC42MjE1IDE1Ljg1ODMgMTQuNTk3IDE1Ljg1ODMgMTQuNTY4NVYxMS44NDU5QzE1Ljg1ODMgMTEuODE3MyAxNS44NDU2IDExLjc5MjggMTUuODIwMyAxMS43ODA2TDEzLjM4MTkgMTAuNDIxNEMxMy4zNjA4IDEwLjQwOTEgMTMuMzMxMyAxMC40MDkxIDEzLjMwNTkgMTAuNDIxNEwxMC44Njc1IDExLjc4MDZDMTAuODQyMiAxMS43OTI4IDEwLjgyOTUgMTEuODIxNCAxMC44Mjk1IDExLjg0NTlWMTQuNTY4NUMxMC44Mjk1IDE0LjU5MjkgMTAuODQ2NCAxNC42MTc0IDEwLjg2NzUgMTQuNjI5N0wxMS41MzQxIDE1LjAwMTFDMTEuODk2OSAxNS4xNzY2IDEyLjEyMDUgMTQuOTY4NSAxMi4xMjA1IDE0Ljc2NDRWMTIuMDc0NUMxMi4xMjA1IDEyLjAzNzcgMTIuMTUgMTIuMDA1MSAxMi4xOTIyIDEyLjAwNTFIMTIuNTAwMkMxMi41MzgxIDEyLjAwNTEgMTIuNTcxOSAxMi4wMzM3IDEyLjU3MTkgMTIuMDc0NVYxNC43NjQ0QzEyLjU3MTkgMTUuMjMzOCAxMi4zMTAzIDE1LjQ5OTEgMTEuODUwNSAxNS40OTkxQzExLjcxMTMgMTUuNDk5MSAxMS41OTczIDE1LjQ5OTEgMTEuMjg5NCAxNS4zNTIyTDEwLjY0ODEgMTQuOTk3QzEwLjQ5MiAxNC45MDcyIDEwLjM5MDggMTQuNzQ0IDEwLjM5MDggMTQuNTY4NVYxMS44NDU5QzEwLjM5MDggMTEuNjcwNCAxMC40ODc4IDExLjUwMyAxMC42NDgxIDExLjQxNzNMMTMuMDg2NiAxMC4wNTRDMTMuMjQyNyA5Ljk2ODI4IDEzLjQ0NTIgOS45NjgyOCAxMy41OTcgMTAuMDU0TDE2LjAzNTUgMTEuNDE3M0MxNi4xOTE2IDExLjUwNzEgMTYuMjkyOCAxMS42NzA0IDE2LjI5MjggMTEuODQ1OVYxNC41Njg1QzE2LjI5MjggMTQuNzQ0IDE2LjE5NTggMTQuOTExMyAxNi4wMzU1IDE0Ljk5N0wxMy41OTcgMTYuMzYwNEMxMy41MjUzIDE2LjQwNTMgMTMuNDM2NyAxNi40Mjk3IDEzLjM0MzkgMTYuNDI5N1pNMTUuMzE0MSAxMy43NDM5QzE1LjMxNDEgMTMuMjMzNyAxNC45NTk3IDEzLjA5OSAxNC4yMDg3IDEzLjAwMUMxMy40NDk0IDEyLjkwMzEgMTMuMzczNCAxMi44NTQxIDEzLjM3MzQgMTIuNjgyN0MxMy4zNzM0IDEyLjUzOTggMTMuNDM2NyAxMi4zNTIgMTMuOTk3OCAxMi4zNTJDMTQuNDk5OCAxMi4zNTIgMTQuNjg1NSAxMi40NTgyIDE0Ljc2MTQgMTIuNzg0N0MxNC43Njk4IDEyLjgxNzQgMTQuNzk1MiAxMi44Mzc4IDE0LjgyODkgMTIuODM3OEgxNS4xNDUzQzE1LjE2NjQgMTIuODM3OCAxNS4xODMzIDEyLjgyOTYgMTUuMTk1OSAxMi44MTc0QzE1LjIwODYgMTIuODAxIDE1LjIxNyAxMi43ODQ3IDE1LjIxMjggMTIuNzY0M0MxNS4xNjIyIDEyLjIwMSAxNC43NzgzIDExLjkzOTggMTMuOTk3OCAxMS45Mzk4QzEzLjMwMTcgMTEuOTM5OCAxMi44ODgzIDEyLjIyNTUgMTIuODg4MyAxMi42OTlDMTIuODg4MyAxMy4yMTc0IDEzLjMwMTcgMTMuMzU2MiAxMy45NjgzIDEzLjQyMTVDMTQuNzY1NiAxMy40OTkgMTQuODI4OSAxMy42MDkyIDE0LjgyODkgMTMuNzYwM0MxNC44Mjg5IDE0LjAyNTYgMTQuNjA5NSAxNC4xMzU4IDE0LjA5NDggMTQuMTM1OEMxMy40NDk0IDE0LjEzNTggMTMuMzA1OSAxMy45ODA3IDEzLjI1OTUgMTMuNjcwNUMxMy4yNTUzIDEzLjYzNzggMTMuMjI1OCAxMy42MTMzIDEzLjE4NzggMTMuNjEzM0gxMi44NzE0QzEyLjgzMzQgMTMuNjEzMyAxMi43OTk3IDEzLjY0MTkgMTIuNzk5NyAxMy42ODI3QzEyLjc5OTcgMTQuMDc4NiAxMy4wMjMzIDE0LjU1MjEgMTQuMDkwNiAxNC41NTIxQzE0Ljg3MTEgMTQuNTUyMSAxNS4zMTQxIDE0LjI1ODIgMTUuMzE0MSAxMy43NDM5Wk0xNy42MTMzIDExLjY5OUMxNy42MTMzIDExLjk0OCAxNy40MDIzIDEyLjE1MiAxNy4xNDUgMTIuMTUyQzE2Ljg4NzcgMTIuMTUyIDE2LjY3NjcgMTEuOTQ4IDE2LjY3NjcgMTEuNjk5QzE2LjY3NjcgMTEuNDQxOCAxNi44OTYxIDExLjI0NTkgMTcuMTQ1IDExLjI0NTlDMTcuMzk4MSAxMS4yNDE4IDE3LjYxMzMgMTEuNDQxOCAxNy42MTMzIDExLjY5OVpNMTcuNTM3MyAxMS42OTlDMTcuNTM3MyAxMS40ODY3IDE3LjM2MDIgMTEuMzE5NCAxNy4xNDA4IDExLjMxOTRDMTYuOTI1NiAxMS4zMTk0IDE2Ljc0ODQgMTEuNDg2NyAxNi43NDg0IDExLjY5OUMxNi43NDg0IDExLjkxMTIgMTYuOTI1NiAxMi4wODI2IDE3LjE0MDggMTIuMDgyNkMxNy4zNjAyIDEyLjA3ODYgMTcuNTM3MyAxMS45MDcxIDE3LjUzNzMgMTEuNjk5Wk0xNy4zNDc1IDExLjk1MkgxNy4yMzc4QzE3LjIzMzYgMTEuOTI3NSAxNy4yMTY3IDExLjc5NjkgMTcuMjE2NyAxMS43OTI4QzE3LjIwODMgMTEuNzY0MyAxNy4xOTk4IDExLjc0NzkgMTcuMTYxOSAxMS43NDc5SDE3LjA2OTFWMTEuOTUySDE2Ljk2NzhWMTEuNDQxOEgxNy4xNDkyQzE3LjIxMjUgMTEuNDQxOCAxNy4zMzQ4IDExLjQ0MTggMTcuMzM0OCAxMS41NzY1QzE3LjMzNDggMTEuNjcwNCAxNy4yNzE2IDExLjY5MDggMTcuMjMzNiAxMS43MDNDMTcuMzA1MyAxMS43MDcxIDE3LjMwOTUgMTEuNzUyIDE3LjMyMjIgMTEuODE3M0MxNy4zMjY0IDExLjg1ODIgMTcuMzM0OCAxMS45Mjc1IDE3LjM0NzUgMTEuOTUyWk0xNy4yMjk0IDExLjU5MjhDMTcuMjI5NCAxMS41MjM0IDE3LjE3ODggMTEuNTIzNCAxNy4xNTM0IDExLjUyMzRIMTcuMDY5MVYxMS42NjYzSDE3LjE0OTJDMTcuMjE2NyAxMS42NjYzIDE3LjIyOTQgMTEuNjIxNCAxNy4yMjk0IDExLjU5MjhaTTUuNzkyMzQgNS43NzYyOUM1Ljc5MjM0IDUuNjY2MDggNS43MzMyOCA1LjU2ODEyIDUuNjM2MjUgNS41MTUwNkwzLjA1MDE2IDQuMDc0MTlDMy4wMDc5NyA0LjA0OTcgMi45NTczNCA0LjAzNzQ1IDIuOTA2NzIgNC4wMzMzN0gyLjg4MTQxQzIuODMwNzggNC4wMzMzNyAyLjc4NDM4IDQuMDQ5NyAyLjczNzk3IDQuMDc0MTlMMC4xNTYwOTQgNS41MTUwNkMwLjA1OTA2MjUgNS41NjgxMiAwIDUuNjcwMTcgMCA1Ljc3NjI5TDAuMDA0MjE4NzUgOS42NTM5OUMwLjAwNDIxODc1IDkuNzA3MDUgMC4wMzM3NSA5Ljc1NjAzIDAuMDgwMTU2MyA5Ljc4NDYxQzAuMTI2NTYzIDkuODEzMTggMC4xODU2MjUgOS44MTMxOCAwLjIzNjI1IDkuNzg0NjFMMS43NzE4OCA4LjkzMTUxQzEuODY4OTEgOC44NzQzNyAxLjkyNzk3IDguNzc2NCAxLjkyNzk3IDguNjcwMjhWNi44NTc5NkMxLjkyNzk3IDYuNzUxODQgMS45ODcwMyA2LjY0OTc5IDIuMDg0MDYgNi41OTY3M0wyLjczNzk3IDYuMjMzNDVDMi43ODg1OSA2LjIwNDg4IDIuODM5MjIgNi4xOTI2MyAyLjg5NDA2IDYuMTkyNjNDMi45NDg5MSA2LjE5MjYzIDMuMDAzNzUgNi4yMDQ4OCAzLjA1MDE2IDYuMjMzNDVMMy43MDQwNiA2LjU5NjczQzMuODAxMDkgNi42NDk3OSAzLjg2MDE2IDYuNzUxODQgMy44NjAxNiA2Ljg1Nzk2VjguNjcwMjhDMy44NjAxNiA4Ljc3NjQgMy45MTkyMiA4Ljg3ODQ1IDQuMDE2MjUgOC45MzE1MUw1LjU1MTg4IDkuNzg0NjFDNS41OTgyOCA5LjgxMzE4IDUuNjYxNTYgOS44MTMxOCA1LjcwNzk3IDkuNzg0NjFDNS43NTQzOCA5Ljc2MDExIDUuNzgzOTEgOS43MDcwNSA1Ljc4MzkxIDkuNjUzOTlMNS43OTIzNCA1Ljc3NjI5Wk0xOS45MzM2IDEuNTQzNDhWOC43NDM3NUMxOS45MzM2IDguODQ5ODggMTkuODc0NSA4Ljk1MTkyIDE5Ljc3NzUgOS4wMDQ5OEwxNy4xOTE0IDEwLjQ0OTlDMTcuMDk0NCAxMC41MDMgMTYuOTc2MiAxMC41MDMgMTYuODc5MiAxMC40NDk5TDE0LjI5MzEgOS4wMDQ5OEMxNC4xOTYxIDguOTUxOTIgMTQuMTM3IDguODQ5ODggMTQuMTM3IDguNzQzNzVWNS44NTM4NUMxNC4xMzcgNS43NDc3MiAxNC4xOTYxIDUuNjQ1NjggMTQuMjkzMSA1LjU5MjYxTDE2Ljg3OTIgNC4xNDc2NkMxNi45NzYyIDQuMDk0NiAxNy4wOTQ0IDQuMDk0NiAxNy4xOTE0IDQuMTQ3NjZMMTcuODM2OSA0LjUwNjg2QzE3LjkwODYgNC41NDc2OCAxOC4wMDE0IDQuNDk0NjEgMTguMDAxNCA0LjQxNzA2VjAuNTgwMTgyQzE4LjAwMTQgMC40NjU4OTIgMTguMTI4IDAuMzkyNDIgMTguMjMzNCAwLjQ0OTU2NUwxOS43NzMzIDEuMjgyMjVDMTkuODcwMyAxLjMzMTIzIDE5LjkzMzYgMS40MzMyNyAxOS45MzM2IDEuNTQzNDhaTTE3Ljk5MyA2LjgwNDlDMTcuOTkzIDYuNzc2MzMgMTcuOTc2MSA2Ljc1MTg0IDE3Ljk1NSA2LjczOTU5TDE3LjA2OTEgNi4yNDE2MkMxNy4wNDM4IDYuMjI5MzcgMTcuMDE0MiA2LjIyOTM3IDE2Ljk4ODkgNi4yNDE2MkwxNi4xMDMgNi43Mzk1OUMxNi4wNzc3IDYuNzUxODQgMTYuMDY1IDYuNzc2MzMgMTYuMDY1IDYuODA0OVY3Ljc5Njc4QzE2LjA2NSA3LjgyNTM1IDE2LjA4MTkgNy44NDk4NCAxNi4xMDMgNy44NjIwOEwxNi45ODg5IDguMzU1OThDMTcuMDE0MiA4LjM2ODIyIDE3LjA0MzggOC4zNjgyMiAxNy4wNjQ4IDguMzU1OThMMTcuOTUwOCA3Ljg2MjA4QzE3Ljk3NjEgNy44NDk4NCAxNy45ODg4IDcuODI1MzUgMTcuOTg4OCA3Ljc5Njc4VjYuODA0OUgxNy45OTNaTTI2Ljg0MzkgNi43NzYzM0MyNi45NDA5IDYuNzIzMjcgMjcgNi42MjEyMiAyNyA2LjUxNTFWNS44MTcxMUMyNyA1LjcxMDk4IDI2Ljk0MDkgNS42MDg5NCAyNi44NDM5IDUuNTU1ODhMMjQuMjc0NyA0LjExMDkyQzI0LjE3NzcgNC4wNTc4NiAyNC4wNTk1IDQuMDU3ODYgMjMuOTYyNSA0LjExMDkyTDIxLjM3NjQgNS41NTU4OEMyMS4yNzk0IDUuNjA4OTQgMjEuMjIwMyA1LjcxMDk4IDIxLjIyMDMgNS44MTcxMVY4LjcwNzAxQzIxLjIyMDMgOC44MTcyMiAyMS4yNzk0IDguOTE1MTggMjEuMzc2NCA4Ljk2ODI1TDIzLjk0NTYgMTAuMzg0NkMyNC4wMzg0IDEwLjQzNzcgMjQuMTU2NiAxMC40Mzc3IDI0LjI1MzYgMTAuMzg0NkwyNS44MDYxIDkuNTQ3ODZDMjUuOTExNiA5LjQ5MDcyIDI1LjkxMTYgOS4zNDM3NyAyNS44MDYxIDkuMjg2NjNMMjMuMjAzMSA3Ljg0MTY4QzIzLjE1MjUgNy44MTMxIDIzLjEyMyA3Ljc2NDEyIDIzLjEyMyA3LjcxMTA2VjYuODA0OUMyMy4xMjMgNi43NTE4NCAyMy4xNTI1IDYuNzAyODYgMjMuMjAzMSA2LjY3NDI4TDI0LjAxMzEgNi4yMjEyMUMyNC4wNTk1IDYuMTkyNjMgMjQuMTIyOCA2LjE5MjYzIDI0LjE2OTIgNi4yMjEyMUwyNC45NzkyIDYuNjc0MjhDMjUuMDI1NiA2LjcwMjg2IDI1LjA1OTQgNi43NTE4NCAyNS4wNTk0IDYuODA0OVY3LjUxNTEzQzI1LjA1OTQgNy42Mjk0MiAyNS4xOTAyIDcuNzAyODkgMjUuMjk1NiA3LjY0NTc1TDI2Ljg0MzkgNi43NzYzM1pNMjMuNTgyOCA2LjkxOTE5QzIzLjU2NTkgNi45MzE0NCAyMy41NTMzIDYuOTQ3NzYgMjMuNTUzMyA2Ljk2ODE3VjcuNTIzM0MyMy41NTMzIDcuNTQzNyAyMy41NjU5IDcuNTY0MTEgMjMuNTgyOCA3LjU3MjI4TDI0LjA4MDYgNy44NDk4NEMyNC4wOTc1IDcuODYyMDggMjQuMTIyOCA3Ljg2MjA4IDI0LjEzOTcgNy44NDk4NEwyNC42Mzc1IDcuNTcyMjhDMjQuNjU0NCA3LjU2MDAzIDI0LjY2NyA3LjU0MzcgMjQuNjY3IDcuNTIzM1Y2Ljk2ODE3QzI0LjY2NyA2Ljk0Nzc2IDI0LjY1NDQgNi45MjczNiAyNC42Mzc1IDYuOTE5MTlMMjQuMTM5NyA2LjY0MTYzQzI0LjEyMjggNi42MjkzOSAyNC4wOTc1IDYuNjI5MzkgMjQuMDgwNiA2LjY0MTYzTDIzLjU4MjggNi45MTkxOVpNMTIuODU4NyA4LjY5NDc3VjUuODIxMTlDMTIuODU4NyA1LjcxNTA3IDEyLjc5MTMgNS42MTMwMiAxMi42OTQyIDUuNTU5OTZMMTAuMTE2NiA0LjEyMzE3QzEwLjAyOCA0LjA3NDE5IDkuOTA1NjIgNC4wNjYwMyA5LjgwNDM3IDQuMTIzMTdMNy4yMjY3MiA1LjU1OTk2QzcuMTI5NjkgNS42MTMwMiA3LjA2MjE5IDUuNzEwOTggNy4wNjIxOSA1LjgyMTE5VjguNjk0NzdDNy4wNjIxOSA4LjgwOTA2IDcuMTQyMzQgOC45MDcwMiA3LjIzMDk0IDguOTU2TDkuODEyODEgMTAuMzkyOEM5LjkxNDA2IDEwLjQ0OTkgMTAuMDMyMiAxMC40NDU5IDEwLjEyNSAxMC4zOTI4TDEyLjY5ODQgOC45NTZDMTIuNzc0NCA4LjkxNTE4IDEyLjgyOTIgOC44NDU3OSAxMi44NTAzIDguNzY0MTZDMTIuODU0NSA4Ljc0Mzc1IDEyLjg1ODcgOC43MTkyNiAxMi44NTg3IDguNjk0NzdaTTkuNzI0MjIgMy41OTY2Mkw5LjY5MDQ3IDMuNjE3MDNIOS43MzY4OEw5LjcyNDIyIDMuNTk2NjJaTTEyLjkzODkgOC45MTExTDEyLjkyMiA4Ljg4MjUzVjguOTE5MjdMMTIuOTM4OSA4LjkxMTFaIiBmaWxsPSJ3aGl0ZSIvPgo8L3N2Zz4K	\N
10	PostgreSQL	PHN2ZyB3aWR0aD0iMTciIGhlaWdodD0iMTciIHZpZXdCb3g9IjAgMCAxNyAxNyIgZmlsbD0ibm9uZSIgeG1sbnM9Imh0dHA6Ly93d3cudzMub3JnLzIwMDAvc3ZnIj4KPHBhdGggZD0iTTExLjk5NDUgMC40Mjk3NDlDMTEuMzU0MiAwLjQzNDQ0NyAxMC43MTc1IDAuNTI0OTUgMTAuMTAxNCAwLjY5ODg0MUwxMC4wNTc3IDAuNzExOTMyQzkuNjY5NTYgMC42NDU0NjIgOS4yNzY5IDAuNjA4NzQ5IDguODgzMTYgMC42MDIxMTNDOC4wNzM2OSAwLjU4ODI5NSA3LjM3NzY4IDAuNzc4ODQyIDYuODE3NjggMS4wOTY2NkM2LjI2NDk0IDAuOTEwNDc5IDUuMTE4NzQgMC41ODk3NSAzLjkxMDczIDAuNjUzNzVDMy4wNjkyNiAwLjY5ODExNCAyLjE1MTQzIDAuOTQ2MTE1IDEuNDcxNDMgMS42NDI4NUMwLjc5Mjg3MiAyLjMzOTU4IDAuNDM0MzIyIDMuNDE3NCAwLjUwOTk1OSA0Ljg4NDMyQzAuNTMwMzIzIDUuMjg5NDEgMC42NDg4NyA1Ljk0OTA2IDAuODQ2NjkxIDYuODA0MzNDMS4wNDMwNiA3LjY1ODg4IDEuMzIwODggOC42NTg4OSAxLjY2NjM0IDkuNTcxNjJDMi4wMTE4IDEwLjQ4NTEgMi4zOTA3MSAxMS4zMDU1IDIuOTgyNzIgMTEuODYyNUMzLjI3Nzk5IDEyLjE0MTggMy42ODQ1NCAxMi4zNzY3IDQuMTYzODIgMTIuMzU3MUM0LjUwMDU1IDEyLjM0NCA0LjgwNTI5IDEyLjIwMDcgNS4wNjc4MyAxMS45ODkxQzUuMTk1ODQgMTIuMTUyNyA1LjMzMjU2IDEyLjIyNCA1LjQ1NjkzIDEyLjI5MDJDNS42MTMzIDEyLjM3MzEgNS43NjYwMyAxMi40Mjk4IDUuOTIzODUgMTIuNDY3NkM2LjM2MDkyIDEyLjU3OTUgNi44MTYwNyAxMi42MDIgNy4yNjIwNCAxMi41MzM4QzcuNDU2MjMgMTIuNTAyNiA3LjY2MDU5IDEyLjQ0MTUgNy44NjQyMyAxMi4zNTQyQzcuODcxNTEgMTIuNTczOCA3Ljg4MDIzIDEyLjc4OTEgNy44ODk2OSAxMy4wMDczQzcuOTE3MzMgMTMuNjk4MiA3LjkzNTUxIDE0LjMzNiA4LjE0OTMzIDE0Ljg5NTNDOC4xODM1MSAxNC45ODY5IDguMjc3MzMgMTUuNDU3NSA4LjY0ODk3IDE1Ljg3MjhDOS4wMTk4OCAxNi4yODg4IDkuNzQ3MTcgMTYuNTQ3NyAxMC41NzQ4IDE2LjM3NkMxMS4xNTg4IDE2LjI1NDYgMTEuOTAyMSAxNi4wMzU3IDEyLjM5NTIgMTUuMzU0OUMxMi44ODI1IDE0LjY4MTUgMTMuMTAyOCAxMy43MTQ5IDEzLjE0NjUgMTIuMTQ4NEMxMy4xNTc0IDEyLjA2NCAxMy4xNzA1IDExLjk5MiAxMy4xODQzIDExLjkyNDRMMTMuMzAwNyAxMS45MzQ1SDEzLjMxMzhDMTMuOTM3IDExLjk2MjIgMTQuNjEzNCAxMS44NzY0IDE1LjE3ODUgMTEuNjIxOEMxNS42Nzg5IDExLjM5NjQgMTYuMDU3MSAxMS4xNjk1IDE2LjMzMjcgMTAuNzY1OEMxNi40MDE4IDEwLjY2NjIgMTYuNDc3NCAxMC41NDU0IDE2LjQ5NzggMTAuMzM2N0MxNi41MTgyIDEwLjEyOTQgMTYuMzk2IDkuODAzNjIgMTYuMTkxNiA5LjY1MzhDMTUuNzgyMiA5LjM1MjcxIDE1LjUyNTQgOS40NjY5IDE1LjI0OTggOS41MjI5QzE0Ljk3ODUgOS41ODEwOCAxNC43MDIxIDkuNjEzMDggMTQuNDIzNiA5LjYxOTYyQzE1LjIxODUgOC4zMjIxNiAxNS43ODggNi45NDMyNCAxNi4xMTMxIDUuNzIyODdDMTYuMzA1MSA1LjAwMjg3IDE2LjQxMzQgNC4zMzg4NiAxNi40MjIyIDMuNzU4NUMxNi40MzA5IDMuMTc4MTMgMTYuMzgyMiAyLjY2Mzk0IDE2LjAyMzYgMi4yMTg4NUMxNC45MDI5IDAuODI5NzUxIDEzLjMyNjggMC40NDU3NDkgMTIuMTA3OSAwLjQzMjY1OEMxMi4wNzAxIDAuNDMxOTMgMTIuMDMyMyAwLjQzMTIwMyAxMS45OTQ1IDAuNDMxOTNWMC40Mjk3NDlaTTExLjk2MjUgMC44NTY2NkMxMy4xMTUyIDAuODQ1NzUxIDE0LjU4ODcgMS4xNTk5MyAxNS42NDYxIDIuNDcxMjJDMTUuODg0IDIuNzY1NzYgMTUuOTU0NSAzLjE5NjMxIDE1Ljk0NjUgMy43MjcyMkMxNS45Mzc4IDQuMjU3NDEgMTUuODM2NyA0Ljg5MTU5IDE1LjY1MiA1LjU4Njg3QzE1LjI5MzQgNi45MzM3OSAxNC42MTU2IDguNTAzMjUgMTMuNjYwNyA5LjkxMjcyQzEzLjY5NDcgOS45MzYwNyAxMy43MzEzIDkuOTU1MzYgMTMuNzY5OCA5Ljk3MDE3QzEzLjk2OSAxMC4wNTAyIDE0LjQyMjkgMTAuMTE4NSAxNS4zMjk4IDkuOTM4MTdDMTUuNTU3NCA5Ljg5MDkgMTUuNzI0NyA5Ljg1OTYyIDE1Ljg5NzggOS45ODc2M0MxNS45MzkzIDEwLjAyMTkgMTUuOTcyMyAxMC4wNjU0IDE1Ljk5NDEgMTAuMTE0NkMxNi4wMTU5IDEwLjE2MzggMTYuMDI2IDEwLjIxNzUgMTYuMDIzNiAxMC4yNzEzQzE2LjAxNDIgMTAuMzUyNSAxNS45ODMzIDEwLjQyOTggMTUuOTM0MiAxMC40OTUzQzE1Ljc1OTYgMTAuNzUwNSAxNS40MTM0IDEwLjk5MjcgMTQuOTY5OCAxMS4xOTJDMTQuNTc3OCAxMS4zNjk1IDE0LjAxNDkgMTEuNDYxOCAxMy41MTU5IDExLjQ2NzZDMTMuMjY1OCAxMS40Njk4IDEzLjAzNTIgMTEuNDUwOSAxMi44Mzk2IDExLjM5MkwxMi44MjY1IDExLjM4NzZDMTIuNzUwOCAxMi4wOTM4IDEyLjU3NyAxMy40ODk1IDEyLjQ2NDMgMTQuMTI1OEMxMi4zNzM0IDE0LjYzOTMgMTIuMjE0OCAxNS4wNDczIDExLjkxMTYgMTUuMzUyN0MxMS42MDkgMTUuNjU4MiAxMS4xODE0IDE1Ljg0MjIgMTAuNjA1NCAxNS45NjIyQzkuODkxOSAxNi4xMTA2IDkuMzcxODkgMTUuOTUwNiA5LjAzNjYxIDE1LjY3NjRDOC43MDIwNiAxNS40MDM3IDguNTQ4NjEgMTUuMDQwNyA4LjQ1NjI0IDE0LjgxODJDOC4zOTI5NyAxNC42NjU1IDguMzYwMjQgMTQuNDY2OSA4LjMyODI0IDE0LjIwMTVDOC4yOTMxIDEzLjg4MzYgOC4yNjk1NyAxMy41NjQ2IDguMjU3NjkgMTMuMjQ1MUM4LjIzNjcyIDEyLjY4NDYgOC4yMjk5MyAxMi4xMjM3IDguMjM3MzMgMTEuNTYyOUM3LjkzOTE0IDExLjgyNzYgNy41NjgyMyAxMi4wMDM2IDcuMTcwNDEgMTIuMDY5OEM2LjY5NzY3IDEyLjE0NzYgNi4yNzQ0IDEyLjA3MTMgNi4wMjIwMyAxMi4wMTAyQzUuODk4MjggMTEuOTc5OCA1Ljc3ODY0IDExLjkzNDYgNS42NjU2NiAxMS44NzU2QzUuNTQ3ODQgMTEuODE1MyA1LjQzNjU3IDExLjc0NjkgNS4zNjIzOCAxMS42MTE2QzUuMzE4NjggMTEuNTM0NCA1LjMwNDcxIDExLjQ0MzkgNS4zMjMxMSAxMS4zNTcxQzUuMzQ2ODggMTEuMjY4OSA1LjM5OTY1IDExLjE5MTMgNS40NzI5MyAxMS4xMzY3QzUuNjA5NjYgMTEuMDI5MSA1Ljc4OTMgMTAuOTY5NCA2LjA2MDU3IDEwLjkxNDJDNi41NTUxMyAxMC44MTYgNi43Mjc0OSAxMC43NDg0IDYuODMyMjIgMTAuNjY3NkM2LjkyMTY4IDEwLjU5ODUgNy4wMjI3NyAxMC40NTg5IDcuMjAxNjggMTAuMjUzMUM3LjIwMDgxIDEwLjI0NDEgNy4yMDAwOCAxMC4yMzUyIDcuMTk5NSAxMC4yMjYyQzYuODgwNDYgMTAuMjE3NSA2LjU2NzY4IDEwLjEzNTYgNi4yODUzIDkuOTg2OUM2LjE4Mjc2IDEwLjA5MjQgNS42NTYyMSAxMC42MzI3IDUuMDE0MDIgMTEuMzgxOEM0Ljc0NDE5IDExLjY5NTMgNC40NDYwMSAxMS44NzQ5IDQuMTMxMSAxMS44ODhDMy44MTYxOCAxMS45MDExIDMuNTMxODIgMTEuNzQ2OSAzLjI5MDM2IDExLjUyQzIuODA2NzIgMTEuMDY0NyAyLjQyMTI2IDEwLjI4MTQgMi4wODUyNSA5LjM5NjM1QzEuNzUwNyA4LjUxMDUzIDEuNDc3MjQgNy41MjQzNCAxLjI4Mzc5IDYuNjg0MzNDMS4wODg4OCA1Ljg0NDMzIDAuOTczOTY1IDUuMTY3MjMgMC45NTc5NjUgNC44NDA2OEMwLjg4NTIzNiAzLjQ1MjMxIDEuMjE5NzkgMi41MTcwMyAxLjc5NDM0IDEuOTI3MjFDMi4zNjg4OSAxLjMzNzM5IDMuMTU1ODEgMS4xMTQxMiAzLjkyMzgyIDEuMDcxMjFDNS4zMDEyOSAwLjk5NDExNiA2LjYwOTY3IDEuNDYwMyA2Ljg3NDQgMS41NjA2NkM3LjM4NDIzIDEuMjI0NjYgOC4wNDA5NiAxLjAxNTIxIDguODYyMDYgMS4wMjgzQzkuMjUxMjYgMS4wMzM2MiA5LjYzODYzIDEuMDgyNDEgMTAuMDE3IDEuMTczNzVMMTAuMDMwOCAxLjE2Nzk0QzEwLjE5NzQgMS4xMTEyMSAxMC4zNjY4IDEuMDYzMjEgMTAuNTM4NCAxLjAyNTM5QzExLjAwNTcgMC45MTk3MTkgMTEuNDgyNyAwLjg2MzY1MSAxMS45NjE3IDAuODU4MTE1VjAuODU2NjZIMTEuOTYyNVpNMTIuMDY2NSAxLjMwMzIxSDExLjk2NjhDMTEuNTczMyAxLjMwODUyIDExLjE4MTMgMS4zNTEzOCAxMC43OTU5IDEuNDMxMjFDMTEuNTYwOCAxLjc2NDMxIDEyLjIzMjkgMi4yNzkwOSAxMi43NTM3IDIuOTMwODZDMTMuMDY5MiAzLjMyMDg1IDEzLjMzMDkgMy43NTEzNSAxMy41MzE5IDQuMjEwODZDMTMuNjA3NiA0LjM4Njg2IDEzLjY1ODUgNC41MzU5NiAxMy42ODY5IDQuNjUwODdDMTMuNzAxNCA0LjcwOTA1IDEzLjcxMTYgNC43NTc3OCAxMy43MTQ1IDQuODA4NjhDMTMuNzE3MyA0Ljg0MDkxIDEzLjcxNDYgNC44NzMzNyAxMy43MDY1IDQuOTA0NjlMMTMuNzAyMSA0LjkxMzQxQzEzLjcyMzIgNS40OTc0MiAxMy41NzQxIDUuODkzMDUgMTMuNTU1OSA2LjQ1MDE1QzEzLjU0MjEgNi44NTQ1MiAxMy42NDgzIDcuMzI5NDMgMTMuNjc0NSA3Ljg0NjUyQzEzLjY5OTIgOC4zMzM4IDEzLjYzODkgOC44NjgzNSAxMy4zMTMgOS4zOTM0NEMxMy4zNDA3IDkuNDI1NDQgMTMuMzY1NCA5LjQ1NzQ0IDEzLjM5MTYgOS40ODk0NEMxNC4yNTM0IDguMTczMDcgMTQuODc1MiA2LjcxNTYxIDE1LjIwNjEgNS40NzQxNEMxNS4zODI5IDQuODA1MDUgMTUuNDc3NCA0LjE5OTIzIDE1LjQ4NTQgMy43MTkyMkMxNS40OTI3IDMuMjM5MjIgMTUuNDAwMyAyLjg5MDg1IDE1LjI4MjUgMi43NDYxM0MxNC4zNjAzIDEuNjAyMTIgMTMuMTEzIDEuMzEwNDggMTIuMDY2NSAxLjMwMjQ4VjEuMzAzMjFaTTguNzc1NTIgMS40NzQxMkM3Ljk2MzE0IDEuNDc1NTcgNy4zNzk4NiAxLjcxNDEyIDYuOTM4NCAyLjA3MDQ5QzYuNDgyNCAyLjQzOTIyIDYuMTc2OTQgMi45NDMyMiA1Ljk3NjIxIDMuNDYwMzFDNS43ODE5IDMuOTc3MDYgNS42NjMxIDQuNTE5MTMgNS42MjM0OCA1LjA2OTc4TDUuNjMyOTMgNS4wNjQ2OUM1Ljg3ODAzIDQuOTMwODcgNi4yMDAyMSA0Ljc5Nzc4IDYuNTQ0OTQgNC43MjA2OEM2Ljg5MDQgNC42NDM1OSA3LjI2MjA0IDQuNjE5NTkgNy41OTg3OCA0Ljc0NjE0QzcuOTM1NTEgNC44NzM0MSA4LjIxNDA2IDUuMTcwODcgOC4zMTUxNSA1LjYyMzI0QzguNzk4NzkgNy43OTQ4OCA4LjE2NDYgOC42MDIxNiA3LjkzMDQyIDkuMjEwODlDNy44NDE3OSA5LjQzMTYxIDcuNzY1NzkgOS42NTcxOSA3LjcwMjc4IDkuODg2NTNDNy43MzI2IDkuODc5MjYgNy43NjI0MSA5Ljg3MTk5IDcuNzkxNTEgOS44NjkwOEM3LjkxOTI2IDkuODYyMTcgOC4wNDY3MyA5Ljg4NzE2IDguMTYyNDIgOS45NDE4MUM4LjM5ODA2IDEwLjAzNjQgOC41NTk1MSAxMC4yMzQyIDguNjQ2NzkgMTAuNDYxMUM4LjY2OTMzIDEwLjUyMDcgOC42ODYwNiAxMC41ODQ3IDguNjk1NTIgMTAuNjUwMkM4LjcwNTcgMTAuNjc3OCA4LjcxMDA2IDEwLjcwNjIgOC43MDkzNCAxMC43MzUzQzguNjgzMjMgMTEuNTY1NyA4LjY4NjE0IDEyLjM5NjcgOC43MTgwNiAxMy4yMjY5QzguNzM0MDYgMTMuNTg2MiA4Ljc1NzM0IDEzLjkwMTggOC43ODcxNSAxNC4xNTEzQzguODE2MjUgMTQuNCA4Ljg1ODQzIDE0LjU4OTEgOC44ODUzNCAxNC42NTMxQzguOTcyNjEgMTQuODY2OSA5LjEwMTM0IDE1LjE0NjIgOS4zMzQwNyAxNS4zMzZDOS41NjY4IDE1LjUyNTEgOS44OTkxNyAxNS42NTE3IDEwLjUwNzkgMTUuNTI1MUMxMS4wMzU5IDE1LjQxNTMgMTEuMzYxNyAxNS4yNjMzIDExLjU3OTkgMTUuMDQyOUMxMS43OTY2IDE0LjgyNCAxMS45MjY4IDE0LjUxOTMgMTIuMDA5NyAxNC4wNTE3QzEyLjEzNDEgMTMuMzUxMyAxMi4zODQzIDExLjMyMTUgMTIuNDE0MSAxMC45Mzg5QzEyLjQwMSAxMC42NTE2IDEyLjQ0NDcgMTAuNDI5OCAxMi41MzkyIDEwLjI2MTFDMTIuNjM3NCAxMC4wODggMTIuNzg4NyA5Ljk4MTgxIDEyLjkxODggOS45MjQzNUMxMi45ODQzIDkuODk1MjYgMTMuMDQ1NCA5Ljg3NjM1IDEzLjA5NTYgOS44NjI1M0MxMy4wNDIzIDkuNzg4NCAxMi45ODY1IDkuNzE2MTEgMTIuOTI4MyA5LjY0NTgxQzEyLjc0MDggOS40MjUzOSAxMi41ODY3IDkuMTc4NjMgMTIuNDcwOCA4LjkxMzQ0QzEyLjQxNTUgOC44MDQxMSAxMi4zNTY2IDguNjk2NjUgMTIuMjk0MSA4LjU5MTI1QzEyLjIwMzIgOC40MzEyNSAxMi4wODc2IDguMjMxMjUgMTEuOTY2OCA4LjAwNjUyQzExLjcyNDYgNy41NTYzNCAxMS40NjE0IDcuMDEwODggMTEuMzI0NiA2LjQ3OTI0QzExLjE4ODYgNS45NDkwNiAxMS4xNjgzIDUuMzk5OTYgMTEuNTE3NCA1LjAxMjMyQzExLjgyNzIgNC42NjgzMiAxMi4zNjk3IDQuNTI1NzcgMTMuMTg1IDQuNjA1NzdDMTMuMTYxIDQuNTM1OTYgMTMuMTQ2NSA0LjQ3Nzc3IDEzLjEwNTggNC4zODQ2OEMxMi45MjA4IDMuOTYyNjQgMTIuNjgwNCAzLjU2NzE1IDEyLjM5MDggMy4yMDg2N0MxMS42OTk5IDIuMzUxOTQgMTAuNTgyMSAxLjUwMjQ4IDguODU0MDYgMS40NzQ4NUg4Ljc3NTUyVjEuNDc0MTJaTTQuMjExMSAxLjUwODNDNC4xMjM4MiAxLjUwODMgNC4wMzY1NSAxLjUxMTIxIDMuOTQ5MjggMS41MTU1N0MzLjI1NTQ1IDEuNTU0MTIgMi41OTk0NCAxLjc0OTc2IDIuMTMwMzQgMi4yMzI2N0MxLjY1OTc5IDIuNzE0ODUgMS4zNTA3IDMuNTA2MTMgMS40MTc2MSA0LjgxNjY4QzEuNDMxNDMgNS4wNjM5NiAxLjU0MjcgNS43NTkyNCAxLjczMzI1IDYuNTgzOTdDMS45MjM4IDcuNDEwMTYgMi4xOTQzNCA4LjM4MTA3IDIuNTE4NzEgOS4yMzg1M0MyLjg0MzA4IDEwLjA5NjcgMy4yMzcyNyAxMC44NDM2IDMuNjExMDkgMTEuMTk3MUMzLjc5OTQ1IDExLjM3MzggMy45NjMwOSAxMS40NDUxIDQuMTExNDYgMTEuNDM5M0M0LjI2MDU1IDExLjQzMiA0LjQzOTQ2IDExLjM0OTEgNC42NTkxIDExLjA5MzhDNS4wNTkxMSAxMC42MjU3IDUuNDczODcgMTAuMTcwNSA1LjkwMjc1IDkuNzI4NzFDNS41OTk4NiA5LjQ3NDQ3IDUuMzY2NjEgOS4xNDczNyA1LjIyNDkzIDguNzc4MTZDNS4wODUwOSA4LjQxMjI1IDUuMDQyNSA4LjAxNjM1IDUuMTAxMjkgNy42MjkwN0M1LjE3MTg0IDcuMTM1OTcgNS4xODEyOSA2LjY3NDg4IDUuMTczMjkgNi4zMTEyNEM1LjE2NDU2IDUuOTU2MzMgNS4xMzgzOCA1LjcyMDY5IDUuMTM4MzggNS41NzMwNVY1LjU1MjY5QzUuMTM3NzMgNC43ODQwNiA1LjI3NTQ0IDQuMDIxNiA1LjU0NDkzIDMuMzAxNzdDNS43MzY5MyAyLjgwNTc2IDYuMDIzNDggMi4zMDE3NiA2LjQ1MzMxIDEuODkzNzZDNi4wMzE0OCAxLjc1OTIxIDUuMjgyMzggMS41NTQxMiA0LjQ3MTQ2IDEuNTE1NTdDNC4zODQyNiAxLjUxMTAzIDQuMjk2OTYgMS41MDg2IDQuMjA5NjQgMS41MDgzSDQuMjExMVpNMTIuNzMwNSA1LjAyOTc4QzEyLjI2NDMgNS4wMzU1OSAxMi4wMDI1IDUuMTUyNjkgMTEuODY1IDUuMzA1NDJDMTEuNjcwMSA1LjUyMjE0IDExLjY1MTkgNS45MDE3OCAxMS43NzI2IDYuMzcwMTVDMTEuODkyNiA2LjgzODUyIDEyLjE0MTQgNy4zNjI4OCAxMi4zNzU2IDcuNzk3NzlDMTIuNDkxOSA4LjAxNTk4IDEyLjYwNTQgOC4yMTIzNCAxMi42OTcgOC4zNzA4OUMxMi43ODk0IDguNTMwODkgMTIuODU3IDguNjQ0MzQgMTIuODk3OCA4Ljc0MThDMTIuOTM1NiA4LjgzMDUzIDEyLjk3NzggOC45MDkwNyAxMy4wMTk5IDguOTgyNTNDMTMuMjAwMyA4LjYxMjM0IDEzLjIzMyA4LjI0OTQzIDEzLjIxNDEgNy44NzA1MkMxMy4xOTAxIDcuNDAyMTYgMTMuMDc4MSA2LjkyMjg4IDEzLjA5NDggNi40Mzc3OUMxMy4xMTMgNS44NzA1MSAxMy4yMjg3IDUuNTAwMzMgMTMuMjM4OCA1LjA2MTc4QzEzLjA3MDIgNS4wNDA1OSAxMi45MDA0IDUuMDI5OSAxMi43MzA1IDUuMDI5NzhaTTcuMDcyMjIgNS4xMDYxNEM2LjkyOTc3IDUuMTA3NDcgNi43ODc4NyA1LjEyNDA0IDYuNjQ4OTUgNS4xNTU2QzYuMzcyODEgNS4yMjA2MiA2LjEwNjMyIDUuMzIxMzQgNS44NTYyMSA1LjQ1NTIzQzUuNzcyNTcgNS40OTg4NyA1LjY5MTg0IDUuNTQ5NzggNS42MTYyIDUuNjA3MjRMNS42MDE2NiA1LjYyMDMzQzUuNjA2MDIgNS43MTc3OCA1LjYyNTY2IDUuOTU0MTUgNS42MzQzOSA2LjMwMTA2QzUuNjQxNjYgNi42ODE0MiA1LjYzMjkzIDcuMTY2NTIgNS41NTczIDcuNjkwMTZDNS4zOTI5MyA4LjgzMDUzIDYuMjQ1MyA5Ljc3NDUzIDcuMjQ3NSA5Ljc3NTk5QzcuMzA1NjggOS41NDE4IDcuNDAyNDEgOS4zMDQ3MSA3LjQ5ODQxIDkuMDU0NTNDNy43Nzc2OSA4LjMyNTA3IDguMzI2NzkgNy43OTM0MyA3Ljg2NDIzIDUuNzE3MDVDNy43ODg2IDUuMzc3NDIgNy42Mzg3OCA1LjIzOTk2IDcuNDMyMjMgNS4xNjIxNEM3LjMxNjQ1IDUuMTIyNDUgNy4xOTQ1OCA1LjEwMzQ5IDcuMDcyMjIgNS4xMDYxNFpNMTIuNTEyMyA1LjI0MjE0SDEyLjU0NzJDMTIuNTkyMyA1LjI0MzYgMTIuNjM0NSA1LjI0ODY5IDEyLjY3MDggNS4yNTY2OUMxMi43MDQzIDUuMjYzMzUgMTIuNzM2MyA1LjI3NTkxIDEyLjc2NTQgNS4yOTM3OEMxMi43Nzg1IDUuMzAxNjggMTIuNzg5OSA1LjMxMjIzIDEyLjc5ODggNS4zMjQ3NEMxMi44MDc3IDUuMzM3MjYgMTIuODEzOSA1LjM1MTQ4IDEyLjgxNyA1LjM2NjUxVjUuMzcyMzJDMTIuODE4MiA1LjQwNDIgMTIuODA5NSA1LjQzNTY3IDEyLjc5MjMgNS40NjI1MUMxMi43NzE5IDUuNDk5MSAxMi43NDY0IDUuNTMyNjUgMTIuNzE2NyA1LjU2MjE0QzEyLjY0NjMgNS42MzcxMSAxMi41NTMzIDUuNjg2OTMgMTIuNDUxOSA1LjcwMzk2QzEyLjM1MjYgNS43MTU3MiAxMi4yNTI0IDUuNjkxMTkgMTIuMTY5NyA1LjYzNDg3QzEyLjEzNjMgNS42MTMxNCAxMi4xMDYyIDUuNTg2NjggMTIuMDgwMyA1LjU1NjMzQzEyLjA1ODEgNS41MzI4OSAxMi4wNDI5IDUuNTAzNjQgMTIuMDM2NyA1LjQ3MTk2QzEyLjAzNTEgNS40NTY0MSAxMi4wMzY5IDUuNDQwNzEgMTIuMDQxOSA1LjQyNTkxQzEyLjA0NjkgNS40MTExMSAxMi4wNTUxIDUuMzk3NTUgMTIuMDY1NyA1LjM4NjE0QzEyLjA4ODYgNS4zNjEyNiAxMi4xMTYgNS4zNDEwMSAxMi4xNDY1IDUuMzI2NTFDMTIuMjYxNCA1LjI3Mjc2IDEyLjM4NjIgNS4yNDM1MyAxMi41MTMgNS4yNDA2OVY1LjI0MjE0SDEyLjUxMjNaTTcuMTM5MTMgNS4zNTQxNEM3LjE3NTUgNS4zNTQxNCA3LjIxNDA0IDUuMzU3NzggNy4yNTMzMiA1LjM2Mjg3QzcuMzU4MDUgNS4zNzc0MiA3LjQ1MTg2IDUuNDA0MzIgNy41MjMxNCA1LjQ0NDMyQzcuNTU4MDUgNS40NjI1MSA3LjU4ODU5IDUuNDg1NzggNy42MTQ3OCA1LjUxNDg3QzcuNjI4MzcgNS41MzAzNyA3LjYzODc2IDUuNTQ4NDIgNy42NDUzMiA1LjU2Nzk2QzcuNjUxODQgNS41ODczNyA3LjY1NDA3IDUuNjA3OTcgNy42NTE4NyA1LjYyODMzQzcuNjQ1MDkgNS42NjY4MyA3LjYyNzEzIDUuNzAyNSA3LjYwMDIzIDUuNzMwODdDNy41NzIwMyA1Ljc2NDY5IDcuNTM4OTQgNS43OTQxMSA3LjUwMjA1IDUuODE4MTVDNy40MTE3NiA1Ljg3OTcyIDcuMzAyMTUgNS45MDYzNCA3LjE5MzY4IDUuODkzMDVDNy4wODM1MiA1Ljg3NTYgNi45ODIyNSA1LjgyMjE1IDYuOTA1NjggNS43NDEwNUM2Ljg3MzQyIDUuNzA4OCA2Ljg0NTk4IDUuNjcyMDYgNi44MjQyMiA1LjYzMTk2QzYuODAxNTcgNS41OTcwOSA2Ljc5MTU2IDUuNTU1NSA2Ljc5NTg2IDUuNTE0MTRDNi44MDYwNCA1LjQ0MTQyIDYuODY3ODYgNS40MDUwNSA2LjkyNjc3IDUuMzgzMjNDNi45OTUwMSA1LjM2MjI4IDcuMDY2MzkgNS4zNTM0MiA3LjEzNzY4IDUuMzU3MDVMNy4xMzkxMyA1LjM1NDE0Wk0xMy4zNjQ3IDEwLjI1MDJIMTMuMzYyNUMxMy4yNjE0IDEwLjI4NjUgMTMuMTc4NSAxMC4zMDExIDEzLjEwNzkgMTAuMzMwMkMxMy4wMzc4IDEwLjM1NjQgMTIuOTc5NiAxMC40MDc0IDEyLjk0NDMgMTAuNDczNEMxMi45MDA3IDEwLjU0OTggMTIuODY0MyAxMC42ODU4IDEyLjg3NTIgMTAuOTE3MUMxMi45MDY1IDEwLjkzNzkgMTIuOTQwOCAxMC45NTM2IDEyLjk3NyAxMC45NjM2QzEzLjA5NDEgMTAuOTk4NSAxMy4yOTEyIDExLjAyMTggMTMuNTExNiAxMS4wMTgyQzEzLjk0OTQgMTEuMDEzMSAxNC40ODkgMTAuOTE0MiAxNC43NzU2IDEwLjc4NDdDMTUuMDEwNSAxMC42Nzg1IDE1LjIyODcgMTAuNTQwNCAxNS40MjM2IDEwLjM3NDVDMTQuNDY1OCAxMC41NjY1IDEzLjkyNTQgMTAuNTE1NiAxMy41OTMgMTAuMzgyNUMxMy41MTA4IDEwLjM0OTYgMTMuNDMzOSAxMC4zMDQ3IDEzLjM2NDcgMTAuMjQ5NFYxMC4yNTAyWk03Ljg0NjA1IDEwLjMxMjdINy44MzE1MUM3Ljc5NTE0IDEwLjMxNTYgNy43NDIwNSAxMC4zMjczIDcuNjQwMjMgMTAuNDM3OEM3LjQwMDIzIDEwLjY5ODIgNy4zMTczMiAxMC44NjExIDcuMTE5NSAxMS4wMTM4QzYuOTIzMTMgMTEuMTY2NSA2LjY2NjQgMTEuMjQ3MyA2LjE1NDM5IDExLjM0OTFDNS45OTIyMSAxMS4zODExIDUuODk5ODQgMTEuNDE2NyA1LjgzNzMgMTEuNDQ1MUM1Ljg1NzY2IDExLjQ2MTEgNS44NTU0OCAxMS40NjU1IDUuODg1MyAxMS40ODA3QzUuOTYwMjEgMTEuNTIwNyA2LjA1Njk0IDExLjU1NTYgNi4xMzQwMyAxMS41NzUzQzYuMzU0NCAxMS42Mjg0IDYuNzE1ODYgMTEuNjkwOSA3LjA5MzMxIDExLjYyODRDNy40NzAwNSAxMS41NjU4IDcuODYyNzggMTEuMzkwNSA4LjE5NzMzIDEwLjkzNTNDOC4yNTU1MSAxMC44NTY3IDguMjYxMzMgMTAuNzQwNCA4LjIxNDA2IDEwLjYxNTNDOC4xNjUzMyAxMC40OTE2IDguMDYwNiAxMC4zODQgNy45ODY0MiAxMC4zNTM0QzcuOTQyMDEgMTAuMzMzIDcuODk0NjMgMTAuMzE5NyA3Ljg0NjA1IDEwLjMxNDJWMTAuMzEyN1oiIGZpbGw9IndoaXRlIi8+Cjwvc3ZnPgo=	\N
11	Prisma	PHN2ZyB3aWR0aD0iMTMiIGhlaWdodD0iMTciIHZpZXdCb3g9IjAgMCAxMyAxNyIgZmlsbD0ibm9uZSIgeG1sbnM9Imh0dHA6Ly93d3cudzMub3JnLzIwMDAvc3ZnIj4KPHBhdGggZD0iTTExLjY5NTkgMTMuMTEzN0w0LjY1MjcgMTUuMjM2NEM0LjQzNzUxIDE1LjMwMTMgNC4yMzEyOCAxNS4xMTE3IDQuMjc2NTEgMTQuODkwNEw2Ljc5MjY0IDIuNjExMzFDNi44Mzk3MSAyLjM4MTU2IDcuMTUxMTkgMi4zNDUyMSA3LjI0OTQ1IDIuNTU3ODdMMTEuOTA4MiAxMi42Mzg5QzExLjk5NjEgMTIuODI5MyAxMS44OTU5IDEzLjA1MzUgMTEuNjk1OSAxMy4xMTM3TDExLjY5NTkgMTMuMTEzN1pNMTIuOTAzNyAxMi42MTI4TDcuNTA5NSAwLjkzOTkzNEM3LjE1Mzg5IDAuMjYyMDkxIDYuMzEyNCAwLjI4NjY4NSA1Ljk4MzY2IDAuODUzOTk2TDAuMTMzMzQ1IDEwLjUwOTlDLTAuMDQ3ODk0MiAxMC44MTEgLTAuMDQ0MzA2MyAxMS4xODIxIDAuMTQzNjQ5IDExLjQ3OTNMMy4wMDMzOSAxNS45OTM3QzMuMjk4MjUgMTYuMzUxOSAzLjU3MDkxIDE2LjUyMDggNC4wMzY2MSAxNi4zODA1TDEyLjMzNzYgMTMuODc4N0MxMi44OTA2IDEzLjcwOTkgMTMuMTU3MSAxMy4xNjU1IDEyLjkwMzcgMTIuNjEyOFYxMi42MTI4WiIgZmlsbD0id2hpdGUiLz4KPC9zdmc+Cg==	\N
12	Python	PHN2ZyB3aWR0aD0iMTYiIGhlaWdodD0iMTYiIHZpZXdCb3g9IjAgMCAxNiAxNiIgZmlsbD0ibm9uZSIgeG1sbnM9Imh0dHA6Ly93d3cudzMub3JnLzIwMDAvc3ZnIj4KPHBhdGggZD0iTTcuOTQyNjcgMEMzLjg4IDAgNC4xMzMzMyAxLjc3MDY3IDQuMTMzMzMgMS43NzA2N0w0LjEzOCAzLjYwNTMzSDguMDE0VjQuMTU2SDIuNkMyLjYgNC4xNTYgMCAzLjg1OTMzIDAgNy45NzkzM0MwIDEyLjA5OTMgMi4yNjg2NyAxMS45NTI3IDIuMjY4NjcgMTEuOTUyN0gzLjYyMlYxMC4wNDEzQzMuNjIyIDEwLjA0MTMgMy41NDkzMyA3Ljc2MTMzIDUuODU1MzMgNy43NjEzM0g5LjY5OTMzQzkuNjk5MzMgNy43NjEzMyAxMS44NTkzIDcuNzk2IDExLjg1OTMgNS42NjI2N1YyLjEzNDY3QzExLjg1OTMgMi4xMzQ2NyAxMi4xODY3IDAgNy45NDIgMEg3Ljk0MjY3Wk01LjgwNTMzIDEuMjMzMzNDNi4xOTA2NyAxLjIzMzMzIDYuNTAyNjcgMS41NDY2NyA2LjUwMjY3IDEuOTM0NjdDNi41MDI2NyAyLjMyMiA2LjE5MDY3IDIuNjM1MzMgNS44MDUzMyAyLjYzNTMzQzUuNDE5MzMgMi42MzUzMyA1LjEwOCAyLjMyMiA1LjEwOCAxLjkzNDY3QzUuMTA4IDEuNTQ2NjcgNS40MTkzMyAxLjIzMzMzIDUuODA1MzMgMS4yMzMzM1oiIGZpbGw9IndoaXRlIi8+CjxwYXRoIGQ9Ik04LjA1Nzk4IDE2QzEyLjExOTMgMTYgMTEuODY2IDE0LjIyOTMgMTEuODY2IDE0LjIyOTNMMTEuODYxMyAxMi4zOTQ3SDcuOTg1MzFWMTEuODQ0SDEzLjQwMDZDMTMuNDAwNiAxMS44NDQgMTYuMDAwNiAxMi4xNDA3IDE2LjAwMDYgOC4wMjA2N0MxNi4wMDA2IDMuOTAwNjcgMTMuNzMxMyA0LjA0NzM0IDEzLjczMTMgNC4wNDczNEgxMi4zNzhWNS45NTg2N0MxMi4zNzggNS45NTg2NyAxMi40NTA2IDguMjM4NjcgMTAuMTQ0NiA4LjIzODY3SDYuMzAxMzFDNi4zMDEzMSA4LjIzODY3IDQuMTQxMzEgOC4yMDQwMSA0LjE0MTMxIDEwLjMzNzNWMTMuODY1M0M0LjE0MTMxIDEzLjg2NTMgMy44MTMzMSAxNiA4LjA1Nzk4IDE2Wk0xMC4xOTUzIDE0Ljc2NjdDOS44MDkzMSAxNC43NjY3IDkuNDk3OTggMTQuNDUzMyA5LjQ5Nzk4IDE0LjA2NTNDOS40OTc5OCAxMy42NzggOS44MDkzMSAxMy4zNjQ3IDEwLjE5NTMgMTMuMzY0N0MxMC41ODA2IDEzLjM2NDcgMTAuODkyNiAxMy42NzggMTAuODkyNiAxNC4wNjUzQzEwLjg5MjYgMTQuNDUzMyAxMC41ODA2IDE0Ljc2NjcgMTAuMTk1MyAxNC43NjY3WiIgZmlsbD0id2hpdGUiLz4KPC9zdmc+Cg==	\N
13	React	PHN2ZyB3aWR0aD0iMTgiIGhlaWdodD0iMTciIHZpZXdCb3g9IjAgMCAxOCAxNyIgZmlsbD0ibm9uZSIgeG1sbnM9Imh0dHA6Ly93d3cudzMub3JnLzIwMDAvc3ZnIj4KPHBhdGggZD0iTTE4IDguMDE2NzVDMTggNi44MjQyNSAxNi41MDY4IDUuNjk0IDE0LjIxNyA0Ljk5MzVDMTQuNzQ1NyAyLjY2MDI1IDE0LjUxMSAwLjgwMzI1IDEzLjQ3NiAwLjIwODVDMTMuMjI1MiAwLjA2ODA0MDMgMTIuOTQxNCAtMC4wMDI2NjA5MiAxMi42NTQgMC4wMDM3NVYwLjgyMTI1QzEyLjgyMjggMC44MjEyNSAxMi45NTg1IDAuODU1IDEzLjA3MjUgMC45MTcyNUMxMy41NzEyIDEuMjAzNzUgMTMuNzg4IDIuMjkyNzUgMTMuNjE5MyAzLjY5NDVDMTMuNTc4OCA0LjAzOTUgMTMuNTEyOCA0LjQwMjUgMTMuNDMxOCA0Ljc3M0MxMi42NjUgNC41ODgyMyAxMS44ODY4IDQuNDU0NjggMTEuMTAyMyA0LjM3MzI1QzEwLjYzNDkgMy43Mjg0NyAxMC4xMjUgMy4xMTU2IDkuNTc2IDIuNTM4NzVDMTAuNzcyMyAxLjQyNzI1IDExLjg5NSAwLjgxODI1IDEyLjY1ODUgMC44MTgyNVYwQzExLjY0OSAwIDEwLjMyODIgMC43MTkyNSA4Ljk5MjUgMS45NjY1QzcuNjU3NSAwLjcyNzUgNi4zMzYgMC4wMTUgNS4zMjcyNSAwLjAxNVYwLjgzMjVDNi4wODcgMC44MzI1IDcuMjEzNSAxLjQzODUgOC40MDk3NSAyLjU0MjVDNy44OTYgMy4wODI1IDcuMzgyMjUgMy42OTQ1IDYuODk0IDQuMzczMjVDNi4xMDc4OCA0LjQ1Mzc4IDUuMzI4MjYgNC41ODg2IDQuNTYwNzUgNC43NzY3NUM0LjQ3OTY0IDQuNDI1NTkgNC40MTU4MSA0LjA3MDY3IDQuMzY5NSAzLjcxMzI1QzQuMTk3IDIuMzEwNzUgNC40MSAxLjIyMTc1IDQuOTA1NzUgMC45MzIyNUM1LjAxNTI1IDAuODY2MjUgNS4xNTg1IDAuODM2MjUgNS4zMjcyNSAwLjgzNjI1VjAuMDE4NzVDNS4wMTk3NSAwLjAxODc1IDQuNzQgMC4wODQ3NSA0LjQ5ODUgMC4yMjM1QzMuNDY3MjUgMC44MTgyNSAzLjIzNjI1IDIuNjcwNzUgMy43NjggNC45OTcyNUMxLjQ4NTc1IDUuNzAyMjUgMCA2LjgyOCAwIDguMDE2NzVDMCA5LjIwOTI1IDEuNDkzMjUgMTAuMzM5NSAzLjc4MyAxMS4wMzkyQzMuMjU0MjUgMTMuMzczMyAzLjQ4OSAxNS4yMzAzIDQuNTI0IDE1LjgyNDNDNC43NjI1IDE1Ljk2MzggNS4wNDE1IDE2LjAyOTcgNS4zNDkgMTYuMDI5N0M2LjM1ODUgMTYuMDI5NyA3LjY3OTI1IDE1LjMxMDUgOS4wMTUgMTQuMDYzMkMxMC4zNSAxNS4zMDMgMTEuNjcwNyAxNi4wMTQ4IDEyLjY4MDMgMTYuMDE0OEMxMi45Njk4IDE2LjAyMDkgMTMuMjU1OCAxNS45NDk5IDEzLjUwOSAxNS44MDkyQzE0LjU0MDIgMTUuMjE1MyAxNC43NzEyIDEzLjM2MjggMTQuMjM5NSAxMS4wMzYzQzE2LjUxNDIgMTAuMzM1OCAxOCA5LjIwNTUgMTggOC4wMTY3NVpNMTMuMjIyNSA1LjU2OTVDMTMuMDggNi4wNTk4OSAxMi45MTQ4IDYuNTQzNDEgMTIuNzI3NSA3LjAxODVDMTIuNDIwOSA2LjQyMjA3IDEyLjA4NDIgNS44NDE1NyAxMS43MTg4IDUuMjc5MjVDMTIuMjQgNS4zNTY1IDEyLjc0MjUgNS40NTE3NSAxMy4yMjMzIDUuNTY5NUgxMy4yMjI1Wk0xMS41NDI1IDkuNDc3QzExLjI2NzggOS45NTY2IDEwLjk3MjggMTAuNDI0MyAxMC42NTgzIDEwLjg3ODdDOS41NTc0NCAxMC45NzU4IDguNDUwMjggMTAuOTc3IDcuMzQ5MjUgMTAuODgyNUM2LjcxNzcxIDkuOTgwMzkgNi4xNjU0IDkuMDI1MzIgNS42OTg1IDguMDI4QzYuMTY0NjkgNy4wMjgzMyA2LjcxNDY1IDYuMDY5OTEgNy4zNDI1IDUuMTYzQzguNDQzMDQgNS4wNjU3OCA5LjU0OTk1IDUuMDY0MjcgMTAuNjUwOCA1LjE1ODVDMTAuOTU1MiA1LjU5NSAxMS4yNTMgNi4wNjE1IDExLjUzODcgNi41NTM1QzExLjgxNzcgNy4wMzM1IDEyLjA3MTIgNy41MjEgMTIuMzAyMiA4LjAxM0MxMi4wNjg3IDguNTEwOTcgMTEuODE1MiA4Ljk5OTM2IDExLjU0MjUgOS40NzdaTTEyLjcyNzUgOUMxMi45MjU1IDkuNDkxMjUgMTMuMDk1IDkuOTgzMjUgMTMuMjMzOCAxMC40NjAyQzEyLjc1MzggMTAuNTc4IDEyLjI0NjcgMTAuNjc3IDExLjcyMjUgMTAuNzUzNUMxMi4wODY0IDEwLjE4NjEgMTIuNDIxOCA5LjYwMDg0IDEyLjcyNzUgOVpNOS4wMDc1IDEyLjkxNUM4LjY2NjI1IDEyLjU2MjUgOC4zMjUgMTIuMTcwMiA3Ljk4NzUgMTEuNzQwNUM4LjMxNzUgMTEuNzU1NSA4LjY1NSAxMS43NjY3IDguOTk2MjUgMTEuNzY2N0M5LjM0MTI1IDExLjc2NjcgOS42ODI1IDExLjc1OTIgMTAuMDE2MiAxMS43NDA1QzkuNjg2MjUgMTIuMTcwMiA5LjM0NSAxMi41NjI1IDkuMDA3NSAxMi45MTVaTTYuMjc3NSAxMC43NTM1QzUuNzcxODEgMTAuNjgwMiA1LjI2OTc3IDEwLjU4MzYgNC43NzMgMTAuNDY0QzQuOTA4NzUgOS45OTA3NSA1LjA3NzUgOS41MDI1IDUuMjY4IDkuMDE1QzUuNDE4NzUgOS4zMDc1IDUuNTc3IDkuNjAxNSA1Ljc0OTUgOS44OTU1QzUuOTIyIDEwLjE4ODggNi4wOTc1IDEwLjQ3NTMgNi4yNzc1IDEwLjc1MzVaTTguOTg4NzUgMy4xMTg1QzkuMzMgMy40NzEgOS42NzEyNSAzLjg2MzI1IDEwLjAwODcgNC4yOTNDOS42Nzg3NSA0LjI3OCA5LjM0MTI1IDQuMjY2NzUgOSA0LjI2Njc1QzguNjU1IDQuMjY2NzUgOC4zMTM3NSA0LjI3NDI1IDcuOTggNC4yOTNDOC4zMSAzLjg2MzI1IDguNjUxMjUgMy40NzEgOC45ODg3NSAzLjExODVaTTYuMjczNzUgNS4yOEM1LjkwOTkgNS44NDYyIDUuNTc0NDkgNi40MzAxNyA1LjI2ODc1IDcuMDI5NzVDNS4wNzYxNiA2LjU1MTU5IDQuOTA3MjEgNi4wNjQyNiA0Ljc2MjUgNS41Njk1QzUuMjQyNSA1LjQ1NTUgNS43NDk1IDUuMzU2NSA2LjI3Mzc1IDUuMjhaTTIuOTUzNSA5Ljg3M0MxLjY1NDUgOS4zMTk1IDAuODE0NSA4LjU5Mjc1IDAuODE0NSA4LjAxNjc1QzAuODE0NSA3LjQ0MDc1IDEuNjU0NSA2LjcxMDI1IDIuOTUzNSA2LjE2MDVDMy4yNjg1IDYuMDI0NzUgMy42MTM1IDUuOTAzMjUgMy45Njk3NSA1Ljc5QzQuMTc5IDYuNTA4NSA0LjQ1NDI1IDcuMjU3IDQuNzk0NzUgOC4wMjQyNUM0LjQ3MzI3IDguNzQ1ODkgNC4yMDEzOSA5LjQ4ODYxIDMuOTgxIDEwLjI0NzJDMy42MzI1OSAxMC4xMzk0IDMuMjg5NjggMTAuMDE0NSAyLjk1MzUgOS44NzNaTTQuOTI3NSAxNS4xMTU1QzQuNDI4NzUgMTQuODMwNSA0LjIxMiAxMy43NCA0LjM4MDc1IDEyLjMzOUM0LjQyMTI1IDExLjk5NCA0LjQ4NzI1IDExLjYzMDIgNC41NjgyNSAxMS4yNTk4QzUuMjg2NzUgMTEuNDM2IDYuMDcyIDExLjU3MTggNi44OTc3NSAxMS42NjAzQzcuMzY1MTMgMTIuMzA1IDcuODc1MDEgMTIuOTE3OSA4LjQyNCAxMy40OTQ4QzcuMjI3NzUgMTQuNjA2MiA2LjEwNSAxNS4yMTUzIDUuMzQxNSAxNS4yMTUzQzUuMTk3NDYgMTUuMjE2OCA1LjA1NTI1IDE1LjE4MjggNC45Mjc1IDE1LjExNjNWMTUuMTE1NVpNMTMuNjMwNSAxMi4zMjAyQzEzLjgwMyAxMy43MjIgMTMuNTkgMTQuODExOCAxMy4wOTQyIDE1LjEwMTJDMTIuOTg0NyAxNS4xNjczIDEyLjg0MTUgMTUuMTk2NSAxMi42NzI3IDE1LjE5NjVDMTEuOTEzIDE1LjE5NjUgMTAuNzg2NSAxNC41OTEzIDkuNTkwMjUgMTMuNDg2NUMxMC4xMzY5IDEyLjkxMjEgMTAuNjQzNCAxMi4zMDA2IDExLjEwNiAxMS42NTY1QzExLjg5MjEgMTEuNTc2IDEyLjY3MTcgMTEuNDQxMiAxMy40MzkzIDExLjI1M0MxMy41MjQgMTEuNjIzNSAxMy41ODkyIDExLjk3OSAxMy42MzA1IDEyLjMyMDJaTTE1LjA0MjcgOS44NzNDMTQuNzI3NyAxMC4wMDg3IDE0LjM4MjcgMTAuMTMwMiAxNC4wMjY1IDEwLjI0MzVDMTMuODAyMiA5LjQ4MDk5IDEzLjUyNjYgOC43MzQ1MyAxMy4yMDE1IDguMDA5MjVDMTMuNTM5IDcuMjQ2NSAxMy44MDk4IDYuNTAxNzUgMTQuMDE1MyA1Ljc4NjI1QzE0LjM2NDggNS44OTQ0OSAxNC43MDg5IDYuMDE5MzggMTUuMDQ2NSA2LjE2MDVDMTYuMzQ1NSA2LjcxNCAxNy4xODU1IDcuNDQwNzUgMTcuMTg1NSA4LjAxNjc1QzE3LjE4MTcgOC41OTI3NSAxNi4zNDE3IDkuMzIzMjUgMTUuMDQyNyA5Ljg3M1oiIGZpbGw9IndoaXRlIi8+CjxwYXRoIGQ9Ik04Ljk5NjI3IDkuNjkzNzVDOS40NDEwNCA5LjY5Mzc1IDkuODY3NTkgOS41MTcwNyAxMC4xODIxIDkuMjAyNTdDMTAuNDk2NiA4Ljg4ODA3IDEwLjY3MzMgOC40NjE1MiAxMC42NzMzIDguMDE2NzVDMTAuNjczMyA3LjU3MTk4IDEwLjQ5NjYgNy4xNDU0MyAxMC4xODIxIDYuODMwOTNDOS44Njc1OSA2LjUxNjQ0IDkuNDQxMDQgNi4zMzk3NSA4Ljk5NjI3IDYuMzM5NzVDOC41NTE1MSA2LjMzOTc1IDguMTI0OTYgNi41MTY0NCA3LjgxMDQ2IDYuODMwOTNDNy40OTU5NiA3LjE0NTQzIDcuMzE5MjcgNy41NzE5OCA3LjMxOTI3IDguMDE2NzVDNy4zMTkyNyA4LjQ2MTUyIDcuNDk1OTYgOC44ODgwNyA3LjgxMDQ2IDkuMjAyNTdDOC4xMjQ5NiA5LjUxNzA3IDguNTUxNTEgOS42OTM3NSA4Ljk5NjI3IDkuNjkzNzVaIiBmaWxsPSJ3aGl0ZSIvPgo8L3N2Zz4K	\N
14	Sass	PHN2ZyB3aWR0aD0iMTgiIGhlaWdodD0iMTciIHZpZXdCb3g9IjAgMCAxOCAxNyIgZmlsbD0ibm9uZSIgeG1sbnM9Imh0dHA6Ly93d3cudzMub3JnLzIwMDAvc3ZnIj4KPHBhdGggZD0iTTE4IDguMDE2NzVDMTggNi44MjQyNSAxNi41MDY4IDUuNjk0IDE0LjIxNyA0Ljk5MzVDMTQuNzQ1NyAyLjY2MDI1IDE0LjUxMSAwLjgwMzI1IDEzLjQ3NiAwLjIwODVDMTMuMjI1MiAwLjA2ODA0MDMgMTIuOTQxNCAtMC4wMDI2NjA5MiAxMi42NTQgMC4wMDM3NVYwLjgyMTI1QzEyLjgyMjggMC44MjEyNSAxMi45NTg1IDAuODU1IDEzLjA3MjUgMC45MTcyNUMxMy41NzEyIDEuMjAzNzUgMTMuNzg4IDIuMjkyNzUgMTMuNjE5MyAzLjY5NDVDMTMuNTc4OCA0LjAzOTUgMTMuNTEyOCA0LjQwMjUgMTMuNDMxOCA0Ljc3M0MxMi42NjUgNC41ODgyMyAxMS44ODY4IDQuNDU0NjggMTEuMTAyMyA0LjM3MzI1QzEwLjYzNDkgMy43Mjg0NyAxMC4xMjUgMy4xMTU2IDkuNTc2IDIuNTM4NzVDMTAuNzcyMyAxLjQyNzI1IDExLjg5NSAwLjgxODI1IDEyLjY1ODUgMC44MTgyNVYwQzExLjY0OSAwIDEwLjMyODIgMC43MTkyNSA4Ljk5MjUgMS45NjY1QzcuNjU3NSAwLjcyNzUgNi4zMzYgMC4wMTUgNS4zMjcyNSAwLjAxNVYwLjgzMjVDNi4wODcgMC44MzI1IDcuMjEzNSAxLjQzODUgOC40MDk3NSAyLjU0MjVDNy44OTYgMy4wODI1IDcuMzgyMjUgMy42OTQ1IDYuODk0IDQuMzczMjVDNi4xMDc4OCA0LjQ1Mzc4IDUuMzI4MjYgNC41ODg2IDQuNTYwNzUgNC43NzY3NUM0LjQ3OTY0IDQuNDI1NTkgNC40MTU4MSA0LjA3MDY3IDQuMzY5NSAzLjcxMzI1QzQuMTk3IDIuMzEwNzUgNC40MSAxLjIyMTc1IDQuOTA1NzUgMC45MzIyNUM1LjAxNTI1IDAuODY2MjUgNS4xNTg1IDAuODM2MjUgNS4zMjcyNSAwLjgzNjI1VjAuMDE4NzVDNS4wMTk3NSAwLjAxODc1IDQuNzQgMC4wODQ3NSA0LjQ5ODUgMC4yMjM1QzMuNDY3MjUgMC44MTgyNSAzLjIzNjI1IDIuNjcwNzUgMy43NjggNC45OTcyNUMxLjQ4NTc1IDUuNzAyMjUgMCA2LjgyOCAwIDguMDE2NzVDMCA5LjIwOTI1IDEuNDkzMjUgMTAuMzM5NSAzLjc4MyAxMS4wMzkyQzMuMjU0MjUgMTMuMzczMyAzLjQ4OSAxNS4yMzAzIDQuNTI0IDE1LjgyNDNDNC43NjI1IDE1Ljk2MzggNS4wNDE1IDE2LjAyOTcgNS4zNDkgMTYuMDI5N0M2LjM1ODUgMTYuMDI5NyA3LjY3OTI1IDE1LjMxMDUgOS4wMTUgMTQuMDYzMkMxMC4zNSAxNS4zMDMgMTEuNjcwNyAxNi4wMTQ4IDEyLjY4MDMgMTYuMDE0OEMxMi45Njk4IDE2LjAyMDkgMTMuMjU1OCAxNS45NDk5IDEzLjUwOSAxNS44MDkyQzE0LjU0MDIgMTUuMjE1MyAxNC43NzEyIDEzLjM2MjggMTQuMjM5NSAxMS4wMzYzQzE2LjUxNDIgMTAuMzM1OCAxOCA5LjIwNTUgMTggOC4wMTY3NVpNMTMuMjIyNSA1LjU2OTVDMTMuMDggNi4wNTk4OSAxMi45MTQ4IDYuNTQzNDEgMTIuNzI3NSA3LjAxODVDMTIuNDIwOSA2LjQyMjA3IDEyLjA4NDIgNS44NDE1NyAxMS43MTg4IDUuMjc5MjVDMTIuMjQgNS4zNTY1IDEyLjc0MjUgNS40NTE3NSAxMy4yMjMzIDUuNTY5NUgxMy4yMjI1Wk0xMS41NDI1IDkuNDc3QzExLjI2NzggOS45NTY2IDEwLjk3MjggMTAuNDI0MyAxMC42NTgzIDEwLjg3ODdDOS41NTc0NCAxMC45NzU4IDguNDUwMjggMTAuOTc3IDcuMzQ5MjUgMTAuODgyNUM2LjcxNzcxIDkuOTgwMzkgNi4xNjU0IDkuMDI1MzIgNS42OTg1IDguMDI4QzYuMTY0NjkgNy4wMjgzMyA2LjcxNDY1IDYuMDY5OTEgNy4zNDI1IDUuMTYzQzguNDQzMDQgNS4wNjU3OCA5LjU0OTk1IDUuMDY0MjcgMTAuNjUwOCA1LjE1ODVDMTAuOTU1MiA1LjU5NSAxMS4yNTMgNi4wNjE1IDExLjUzODcgNi41NTM1QzExLjgxNzcgNy4wMzM1IDEyLjA3MTIgNy41MjEgMTIuMzAyMiA4LjAxM0MxMi4wNjg3IDguNTEwOTcgMTEuODE1MiA4Ljk5OTM2IDExLjU0MjUgOS40NzdaTTEyLjcyNzUgOUMxMi45MjU1IDkuNDkxMjUgMTMuMDk1IDkuOTgzMjUgMTMuMjMzOCAxMC40NjAyQzEyLjc1MzggMTAuNTc4IDEyLjI0NjcgMTAuNjc3IDExLjcyMjUgMTAuNzUzNUMxMi4wODY0IDEwLjE4NjEgMTIuNDIxOCA5LjYwMDg0IDEyLjcyNzUgOVpNOS4wMDc1IDEyLjkxNUM4LjY2NjI1IDEyLjU2MjUgOC4zMjUgMTIuMTcwMiA3Ljk4NzUgMTEuNzQwNUM4LjMxNzUgMTEuNzU1NSA4LjY1NSAxMS43NjY3IDguOTk2MjUgMTEuNzY2N0M5LjM0MTI1IDExLjc2NjcgOS42ODI1IDExLjc1OTIgMTAuMDE2MiAxMS43NDA1QzkuNjg2MjUgMTIuMTcwMiA5LjM0NSAxMi41NjI1IDkuMDA3NSAxMi45MTVaTTYuMjc3NSAxMC43NTM1QzUuNzcxODEgMTAuNjgwMiA1LjI2OTc3IDEwLjU4MzYgNC43NzMgMTAuNDY0QzQuOTA4NzUgOS45OTA3NSA1LjA3NzUgOS41MDI1IDUuMjY4IDkuMDE1QzUuNDE4NzUgOS4zMDc1IDUuNTc3IDkuNjAxNSA1Ljc0OTUgOS44OTU1QzUuOTIyIDEwLjE4ODggNi4wOTc1IDEwLjQ3NTMgNi4yNzc1IDEwLjc1MzVaTTguOTg4NzUgMy4xMTg1QzkuMzMgMy40NzEgOS42NzEyNSAzLjg2MzI1IDEwLjAwODcgNC4yOTNDOS42Nzg3NSA0LjI3OCA5LjM0MTI1IDQuMjY2NzUgOSA0LjI2Njc1QzguNjU1IDQuMjY2NzUgOC4zMTM3NSA0LjI3NDI1IDcuOTggNC4yOTNDOC4zMSAzLjg2MzI1IDguNjUxMjUgMy40NzEgOC45ODg3NSAzLjExODVaTTYuMjczNzUgNS4yOEM1LjkwOTkgNS44NDYyIDUuNTc0NDkgNi40MzAxNyA1LjI2ODc1IDcuMDI5NzVDNS4wNzYxNiA2LjU1MTU5IDQuOTA3MjEgNi4wNjQyNiA0Ljc2MjUgNS41Njk1QzUuMjQyNSA1LjQ1NTUgNS43NDk1IDUuMzU2NSA2LjI3Mzc1IDUuMjhaTTIuOTUzNSA5Ljg3M0MxLjY1NDUgOS4zMTk1IDAuODE0NSA4LjU5Mjc1IDAuODE0NSA4LjAxNjc1QzAuODE0NSA3LjQ0MDc1IDEuNjU0NSA2LjcxMDI1IDIuOTUzNSA2LjE2MDVDMy4yNjg1IDYuMDI0NzUgMy42MTM1IDUuOTAzMjUgMy45Njk3NSA1Ljc5QzQuMTc5IDYuNTA4NSA0LjQ1NDI1IDcuMjU3IDQuNzk0NzUgOC4wMjQyNUM0LjQ3MzI3IDguNzQ1ODkgNC4yMDEzOSA5LjQ4ODYxIDMuOTgxIDEwLjI0NzJDMy42MzI1OSAxMC4xMzk0IDMuMjg5NjggMTAuMDE0NSAyLjk1MzUgOS44NzNaTTQuOTI3NSAxNS4xMTU1QzQuNDI4NzUgMTQuODMwNSA0LjIxMiAxMy43NCA0LjM4MDc1IDEyLjMzOUM0LjQyMTI1IDExLjk5NCA0LjQ4NzI1IDExLjYzMDIgNC41NjgyNSAxMS4yNTk4QzUuMjg2NzUgMTEuNDM2IDYuMDcyIDExLjU3MTggNi44OTc3NSAxMS42NjAzQzcuMzY1MTMgMTIuMzA1IDcuODc1MDEgMTIuOTE3OSA4LjQyNCAxMy40OTQ4QzcuMjI3NzUgMTQuNjA2MiA2LjEwNSAxNS4yMTUzIDUuMzQxNSAxNS4yMTUzQzUuMTk3NDYgMTUuMjE2OCA1LjA1NTI1IDE1LjE4MjggNC45Mjc1IDE1LjExNjNWMTUuMTE1NVpNMTMuNjMwNSAxMi4zMjAyQzEzLjgwMyAxMy43MjIgMTMuNTkgMTQuODExOCAxMy4wOTQyIDE1LjEwMTJDMTIuOTg0NyAxNS4xNjczIDEyLjg0MTUgMTUuMTk2NSAxMi42NzI3IDE1LjE5NjVDMTEuOTEzIDE1LjE5NjUgMTAuNzg2NSAxNC41OTEzIDkuNTkwMjUgMTMuNDg2NUMxMC4xMzY5IDEyLjkxMjEgMTAuNjQzNCAxMi4zMDA2IDExLjEwNiAxMS42NTY1QzExLjg5MjEgMTEuNTc2IDEyLjY3MTcgMTEuNDQxMiAxMy40MzkzIDExLjI1M0MxMy41MjQgMTEuNjIzNSAxMy41ODkyIDExLjk3OSAxMy42MzA1IDEyLjMyMDJaTTE1LjA0MjcgOS44NzNDMTQuNzI3NyAxMC4wMDg3IDE0LjM4MjcgMTAuMTMwMiAxNC4wMjY1IDEwLjI0MzVDMTMuODAyMiA5LjQ4MDk5IDEzLjUyNjYgOC43MzQ1MyAxMy4yMDE1IDguMDA5MjVDMTMuNTM5IDcuMjQ2NSAxMy44MDk4IDYuNTAxNzUgMTQuMDE1MyA1Ljc4NjI1QzE0LjM2NDggNS44OTQ0OSAxNC43MDg5IDYuMDE5MzggMTUuMDQ2NSA2LjE2MDVDMTYuMzQ1NSA2LjcxNCAxNy4xODU1IDcuNDQwNzUgMTcuMTg1NSA4LjAxNjc1QzE3LjE4MTcgOC41OTI3NSAxNi4zNDE3IDkuMzIzMjUgMTUuMDQyNyA5Ljg3M1oiIGZpbGw9IndoaXRlIi8+CjxwYXRoIGQ9Ik04Ljk5NjI3IDkuNjkzNzVDOS40NDEwNCA5LjY5Mzc1IDkuODY3NTkgOS41MTcwNyAxMC4xODIxIDkuMjAyNTdDMTAuNDk2NiA4Ljg4ODA3IDEwLjY3MzMgOC40NjE1MiAxMC42NzMzIDguMDE2NzVDMTAuNjczMyA3LjU3MTk4IDEwLjQ5NjYgNy4xNDU0MyAxMC4xODIxIDYuODMwOTNDOS44Njc1OSA2LjUxNjQ0IDkuNDQxMDQgNi4zMzk3NSA4Ljk5NjI3IDYuMzM5NzVDOC41NTE1MSA2LjMzOTc1IDguMTI0OTYgNi41MTY0NCA3LjgxMDQ2IDYuODMwOTNDNy40OTU5NiA3LjE0NTQzIDcuMzE5MjcgNy41NzE5OCA3LjMxOTI3IDguMDE2NzVDNy4zMTkyNyA4LjQ2MTUyIDcuNDk1OTYgOC44ODgwNyA3LjgxMDQ2IDkuMjAyNTdDOC4xMjQ5NiA5LjUxNzA3IDguNTUxNTEgOS42OTM3NSA4Ljk5NjI3IDkuNjkzNzVaIiBmaWxsPSJ3aGl0ZSIvPgo8L3N2Zz4K	\N
15	Sequelize	PHN2ZyB3aWR0aD0iMTQiIGhlaWdodD0iMTciIHZpZXdCb3g9IjAgMCAxNCAxNyIgZmlsbD0ibm9uZSIgeG1sbnM9Imh0dHA6Ly93d3cudzMub3JnLzIwMDAvc3ZnIj4KPHBhdGggZD0iTTcuMDA4IDAuNDI5NzQ5TDAgNC40Mjk3NVYxMi40Mjk3TDcuMDIzODkgMTYuNDI5N0wxNCAxMi40NDU1VjQuNDE0TDcuMDA4IDAuNDI5NzQ5Wk0xLjU1MTExIDExLjYzMlY1LjMyNDQ3TDcuMDA1MjUgMi4xNTExOUwxMi40ODA4IDUuMjM5OTRWMTEuNTgxMkw3LjAyNTc5IDE0Ljc3MjNMMS41NTExMSAxMS42MzJWMTEuNjMyWk00LjM0ODU4IDEwLjA2NzFWMTIuMzEzMkwyLjM2OTA2IDExLjI0MzZWOC45MjhMNC4zNDg1OCAxMC4wNjcxVjEwLjA2NzFaTTQuNzA2MTYgNi42MDEwOUw2LjQ1MzcgNS41OTMxNUw0LjQ3NDE4IDQuNDM4MDZMMi43MTQ1NCA1LjQ2NzVMNC43MDYxNiA2LjYwMTA5Wk03LjA3MDMyIDUuOTAzMzFMNS4yOTk5NCA2LjkzOTAzTDcuMTAxODMgNy45NjQ2NUw4Ljg1NzU1IDYuOTQ2MjVMNy4wNzAzMiA1LjkwMzMxWk02LjczODg0IDguNTYxOTRMNC45NjUxNyA3LjU1MjRWOS42MzkyOEw2LjczODg4IDEwLjU5NzZWOC41NjE5N0w2LjczODg0IDguNTYxOTRaTTkuMzQzMiA2LjY2NDU2TDExLjI4NjEgNS41Mzc2Mkw5LjQ5MzM2IDQuNDkxNTNMNy41NDYyNCA1LjYzMDYyTDkuMzQzMiA2LjY2NDU2Wk04Ljg3NjggNC4xODEzN0w2Ljg5NzIyIDMuMDI2MjVMNC45NTAxMyA0LjE2NTMxTDYuOTI5NzEgNS4zMDQ0TDguODc2OCA0LjE4MTM3Wk0yLjM2OTA2IDYuMDc0NzhWOC4xNzM5N0w0LjM0ODU4IDkuMjQzNVY3LjIwMTQ3TDIuMzY5MDYgNi4wNzQ3NVY2LjA3NDc4Wk05LjYzMDA2IDEwLjE0OFYxMi40MDA5TDExLjYzMSAxMS4yMjc1VjguOTM1MDNMOS42MzAwNiAxMC4xNDhaTTkuNjMwMDYgNy4zMDU4N1Y5LjMyODM3TDExLjYzMSA4LjE1Nzk3VjYuMTQ1MjhMOS42MzAwNiA3LjMwNTlWNy4zMDU4N1pNNy40MzQyIDguNTc5NTZWMTAuNjA3NEw5LjIwNzg3IDkuNTY5NzJWNy41NTA3OEw3LjQzNDE3IDguNTc5NTNMNy40MzQyIDguNTc5NTZaTTcuNDM0MiAxMS4zODY1VjEzLjY3N0w5LjIwNzg3IDEyLjYzOTRWMTAuNDA5NEw3LjQzNDE3IDExLjM4NjVINy40MzQyWk02LjczODg4IDExLjM4TDQuOTY1MTcgMTAuMzkzM1YxMi43MDg5TDYuNzM4ODggMTMuNjY3MlYxMS4zNzk5VjExLjM4WiIgZmlsbD0id2hpdGUiLz4KPC9zdmc+Cg==	\N
16	Strapi	PHN2ZyB3aWR0aD0iMTUiIGhlaWdodD0iMTciIHZpZXdCb3g9IjAgMCAxNSAxNyIgZmlsbD0ibm9uZSIgeG1sbnM9Imh0dHA6Ly93d3cudzMub3JnLzIwMDAvc3ZnIj4KPHBhdGggZD0iTTQuNzk5NzkgMC40Mjk3NDlWNS43ODY0M0g5LjY2NDYzQzkuODM5ODMgNS43ODY0MyA5Ljk3ODczIDUuOTQzNzcgOS45Nzg3MyA2LjEwODQzVjExLjMwOThIMTVWMC43NjQ0MTZDMTUgMC42NzU2NTcgMTQuOTY2OSAwLjU5MDUzMyAxNC45MDggMC41Mjc3N0MxNC44NDkxIDAuNDY1MDA4IDE0Ljc2OTIgMC40Mjk3NDkgMTQuNjg1OSAwLjQyOTc0OUw0Ljc5OTc5IDAuNDI5NzQ5Wk00LjQ4Njk0IDAuNzYzMDgzTDAuMDQ1Njk3NSA1LjUwMTFDMC4wMjM4MTc3IDUuNTI0NTQgMC4wMDg5NDQ0NyA1LjU1NDM2IDAuMDAyOTU0NTIgNS41ODY3OUMtMC4wMDMwMzU0MyA1LjYxOTIzIDAuMDAwMTI2MzUyIDUuNjUyODMgMC4wMTIwNDA5IDUuNjgzMzZDMC4wMjM5NTU0IDUuNzEzODggMC4wNDQwODg4IDUuNzM5OTYgMC4wNjk5MDA1IDUuNzU4MzFDMC4wOTU3MTIxIDUuNzc2NjUgMC4xMjYwNDUgNS43ODY0NCAwLjE1NzA3MyA1Ljc4NjQzSDQuNDg2OTRWMC43NjMwODNaTTQuNzk5NzkgNi4xMTk3N1YxMC45NzUxQzQuNzk5NzkgMTEuMTYwNSA0LjkzOTk1IDExLjMwOTggNS4xMTM4OSAxMS4zMDk4SDkuNjY1ODhWNi40NDE3N0M5LjY2NTg4IDYuMjU2NDMgOS41MjU3MiA2LjEyMDQzIDkuMzUxNzggNi4xMTk3N0g0Ljc5OTc5Wk05Ljk3ODczIDExLjY0MzFWMTYuMjYxOEM5Ljk3ODczIDE2LjQxMTEgMTAuMTQ4MyAxNi40ODU4IDEwLjI0NzggMTYuMzgwNUwxNC42ODcxIDExLjY0MzFIOS45Nzg3M1oiIGZpbGw9IndoaXRlIi8+Cjwvc3ZnPgo=	\N
17	Typescript	PHN2ZyB3aWR0aD0iMTYiIGhlaWdodD0iMTYiIHZpZXdCb3g9IjAgMCAxNiAxNiIgZmlsbD0ibm9uZSIgeG1sbnM9Imh0dHA6Ly93d3cudzMub3JnLzIwMDAvc3ZnIj4KPHBhdGggZD0iTTAgOFYxNkgxNlYwSDBWOFpNMTIuODkzIDcuMzYyQzEzLjI3NjYgNy40NTIzMSAxMy42MjUyIDcuNjUzMyAxMy44OTU1IDcuOTRDMTQuMDQxNSA4LjA5NiAxNC4yNiA4LjM4MjUgMTQuMjc4NSA4LjQ1M0MxNC4yODM1IDguNDc0IDEzLjU4ODUgOC45NCAxMy4xNjY1IDkuMjAwNUMxMy4xNTEgOS4yMTEgMTMuMDg4NSA5LjE0NiAxMy4wMjA1IDkuMDQ0QzEyLjgxNSA4Ljc0NDUgMTIuNTk4NSA4LjYxNDUgMTIuMjY4IDguNTkxQzExLjc4MzUgOC41NTk1IDExLjQ3MSA4LjgxMjUgMTEuNDczNSA5LjIzN0MxMS40NzEgOS4zNDA4NyAxMS40OTQxIDkuNDQzNzYgMTEuNTQxIDkuNTM2NUMxMS42NDggOS43NTggMTEuODQ4NSA5Ljg5MDUgMTIuNDY4IDEwLjE1OUMxMy42MTQgMTAuNjUxIDE0LjEwMzUgMTAuOTc2NSAxNC40MDggMTEuNDM3NUMxNC43NDkgMTEuOTUzIDE0LjgyNDUgMTIuNzc2IDE0LjU5NTUgMTMuMzkwNUMxNC4zNDA1IDE0LjA1NDUgMTMuNzEgMTQuNTA3NSAxMi44MjQ1IDE0LjY1NkMxMi41NTEgMTQuNzA1NSAxMS45IDE0LjY5NzUgMTEuNjA1NSAxNC42NDNDMTAuOTYyNSAxNC41Mjg1IDEwLjM1MyAxNC4yMTA1IDkuOTc4IDEzLjc5NEM5LjgyOTUgMTMuNjMyNSA5LjU0MyAxMy4yMDggOS41NjE1IDEzLjE3OTVDOS41Njk1IDEzLjE2OSA5LjYzNDUgMTMuMTI3NSA5LjcwNzUgMTMuMDg1NUwxMC4zMDE1IDEyLjc0MTVMMTAuNzYyNSAxMi40NzM1TDEwLjg1OSAxMi42MTY1QzEwLjk5NDUgMTIuODIyIDExLjI4ODUgMTMuMTAzNSAxMS40NjYgMTMuMTk3QzExLjk3NjUgMTMuNDY4IDEyLjY3NyAxMy40MjkgMTMuMDIzNSAxMy4xMTlDMTMuMTY0IDEzLjAwMiAxMy4yNDI1IDEyLjgyMiAxMy4yMzIgMTIuNjRDMTMuMjMyIDEyLjQ1NSAxMy4yMDg1IDEyLjM3MiAxMy4xMTIgMTIuMjMzNUMxMi45ODcgMTIuMDU2NSAxMi43MzQ1IDExLjkwNTUgMTIuMDEzIDExLjU5M0MxMS4xODc1IDExLjIzNiAxMC44MzA1IDExLjAxNzUgMTAuNTA4IDEwLjY2NkMxMC4zMDUgMTAuNDM0NiAxMC4xNTQ4IDEwLjE2MTggMTAuMDY4IDkuODY2NUMxMC4wMDggOS42NCA5Ljk5MjUgOS4wNzIgMTAuMDM5NSA4Ljg0NTVDMTAuMjA5IDguMDQ2IDEwLjgxMyA3LjQ5MTUgMTEuNjggNy4zMjc1QzExLjk2MTUgNy4yNzMgMTIuNjE3NSA3LjI5MzUgMTIuODkzNSA3LjM2MTVMMTIuODkzIDcuMzYyWk05LjEzOCA4LjAzMTVMOS4xNDMgOC42ODVINy4wNTk1VjE0LjYwNDVINS41ODU1VjguNjg1SDMuNTA1VjguMDQ0NUMzLjUwNSA3LjY4NzUgMy41MTMgNy4zOTEgMy41MjMgNy4zODNDMy41MzEgNy4zNzI1IDQuNzk2NSA3LjM2NzUgNi4zMzMgNy4zN0w5LjEzIDcuMzc4TDkuMTM4IDguMDMxNVoiIGZpbGw9IndoaXRlIi8+Cjwvc3ZnPgo=	\N
18	Express	PHN2ZyB3aWR0aD0iNTYiIGhlaWdodD0iMTciIHZpZXdCb3g9IjAgMCA1NiAxNyIgZmlsbD0ibm9uZSIgeG1sbnM9Imh0dHA6Ly93d3cudzMub3JnLzIwMDAvc3ZnIj4KPHBhdGggZD0iTTAuMzY0NDM3IDEyLjg4NDdWNi43NjU5MUg4LjE0NTgxVjYuNDA4MDFIMC4zNjQ0MzdWMC44MjU5MzhIOC42Mzc3OFYwLjQ2ODE0SDBWMTMuMjQyNUg4LjcxMDYyVjEyLjg4NDdIMC4zNjQ0MzdaTTE1LjcyNjcgNC4wNDYzNEwxMi41MDEyIDguMjE1MDRMOS4zNDg1IDQuMDQ2NDVIOC44NzQ2OUwxMi4yODI1IDguNDgzNDlMOC41NDY1NiAxMy4yNDI0SDguOTgzOTVMMTIuNTAxIDguNzUxNjNMMTYuMDM2MyAxMy4yNDI0SDE2LjQ5MTlMMTIuNzM3OSA4LjQ4MzI4TDE2LjE2MzkgNC4wNDYyM0gxNS43MjY2TDE1LjcyNjcgNC4wNDYzNFpNMTcuNTg1NCAxNi4zOTE0VjEwLjY2NjNIMTcuNjIxOEMxNy44NDA2IDExLjUwMTIgMTguMjcxOSAxMi4xNzIxIDE4LjkxNTggMTIuNjc5QzE5LjU1OTYgMTMuMTg1OSAyMC4zNzk2IDEzLjQzOTQgMjEuMzc1OCAxMy40Mzk0QzIyLjAxOTcgMTMuNDM5NCAyMi41OTA4IDEzLjMxMTIgMjMuMDg4OCAxMy4wNTQ4QzIzLjU4NjkgMTIuNzk4MyAyNC4wMDMgMTIuNDQ5NSAyNC4zMzcxIDEyLjAwODFDMjQuNjcxMiAxMS41NjY4IDI0LjkyNjMgMTEuMDUzOSAyNS4xMDI1IDEwLjQ2OTRDMjUuMjc4NiA5Ljg4NTA1IDI1LjM2NjggOS4yNzA3MiAyNS4zNjY4IDguNjI2NzRDMjUuMzY2OCA3LjkzNDg4IDI1LjI3NTYgNy4yOTY3IDI1LjA5MzQgNi43MTIzM0MyNC45MTExIDYuMTI3ODQgMjQuNjQ2OSA1LjYyMDg5IDI0LjMwMDcgNS4xOTE1OEMyMy45NTQ0IDQuNzYyMTUgMjMuNTM1MyA0LjQyODA5IDIzLjA0MzIgNC4xODk3QzIyLjU1MTMgMy45NTEwOSAyMS45OTU0IDMuODMxNzkgMjEuMzc1OCAzLjgzMTc5QzIwLjkwMiAzLjgzMTc5IDIwLjQ2MTcgMy45MDA0MSAyMC4wNTQ3IDQuMDM3NTRDMTkuNjQ3NyA0LjE3NDc3IDE5LjI4NjMgNC4zNjg0OSAxOC45NzA0IDQuNjE5MDFDMTguNjUyNyA0Ljg3MTQ2IDE4LjM3NjIgNS4xNzAxIDE4LjE1MDMgNS41MDQ2QzE3LjkxOTYgNS44NDQ1NyAxNy43NDM0IDYuMjE3MjkgMTcuNjIxOCA2LjYyMjg4SDE3LjU4NTRWNC4wNDYzNEgxNy4yMjFWMTYuMzkxNEgxNy41ODU0Wk0yMS4zNzU4IDEzLjA5OTNDMjAuMjMzOSAxMy4wOTkzIDE5LjMxNjYgMTIuNzE0NyAxOC42MjQyIDExLjk0NTRDMTcuOTMxNyAxMS4xNzYxIDE3LjU4NTQgMTAuMDY5NyAxNy41ODU0IDguNjI2NTNDMTcuNTg1NCA4LjAzMDEzIDE3LjY3MDUgNy40NjM1OCAxNy44NDA2IDYuOTI2ODhDMTguMDEwNyA2LjM5MDE4IDE4LjI1NjcgNS45MTg5OSAxOC41Nzg1IDUuNTEzNTFDMTguOTAwNSA1LjEwNzkyIDE5LjI5ODUgNC43ODU4OCAxOS43NzIyIDQuNTQ3MzlDMjAuMjQ2IDQuMzA4NzggMjAuNzgwNiA0LjE4OTQ4IDIxLjM3NTggNC4xODk0OEMyMS45ODMzIDQuMTg5NDggMjIuNTE0OCA0LjMwODc4IDIyLjk3MDQgNC41NDczOUMyMy40MjU5IDQuNzg1ODggMjMuODAyNiA1LjExMDkzIDI0LjEwMDIgNS41MjI0MkMyNC4zOTc4IDUuOTMzOTEgMjQuNjIyNiA2LjQwNTExIDI0Ljc3NDUgNi45MzU3OUMyNC45MjYzIDcuNDY2NTggMjUuMDAyMiA4LjAzMDEzIDI1LjAwMjIgOC42MjY1M0MyNS4wMDIyIDkuMTYzMzMgMjQuOTMyNSA5LjY5NzEzIDI0Ljc5MjcgMTAuMjI3OEMyNC42NTMgMTAuNzU4NiAyNC40MzczIDExLjIzNTcgMjQuMTQ1NyAxMS42NTkyQzIzLjg1NDIgMTIuMDgyNSAyMy40ODA3IDEyLjQyODQgMjMuMDI1MSAxMi42OTY5QzIyLjU2OTQgMTIuOTY1MiAyMi4wMTk3IDEzLjA5OTMgMjEuMzc1OCAxMy4wOTkzWk0yNy4zNzEzIDEzLjI0MjVWOC4wMzYxNEMyNy4zNzEzIDcuNTM1MiAyNy40NDQyIDcuMDQ2MDcgMjcuNTkwMSA2LjU2OTA4QzI3LjczNTggNi4wOTE5OCAyNy45NjA1IDUuNjcxNDcgMjguMjY0MiA1LjMwNzc2QzI4LjU2OCA0Ljk0Mzk1IDI4Ljk1MzYgNC42NTc2NyAyOS40MjE0IDQuNDQ4OTJDMjkuODg5MSA0LjI0MDE3IDMwLjQ0NSA0LjE1MzcyIDMxLjA4ODkgNC4xODk0OFYzLjgzMTY4QzMwLjUzIDMuODE5ODcgMzAuMDQxIDMuODc5MzYgMjkuNjIxOSA0LjAxMDU4QzI5LjIwMjcgNC4xNDE4IDI4Ljg0MTMgNC4zMjA3IDI4LjUzNzYgNC41NDczOUMyOC4yMzM4IDQuNzczOTYgMjcuOTkwOSA1LjAzOTMxIDI3LjgwODcgNS4zNDM1MkMyNy42MjY2IDUuNjQ3MjUgMjcuNDkxNSA1Ljk3NTg1IDI3LjQwNzcgNi4zMTg1NkgyNy4zNzEzVjQuMDQ2MzRIMjcuMDA2OVYxMy4yNDI2TDI3LjM3MTMgMTMuMjQyNVpNMzEuNTQ0NCA4LjcxNTk4SDM5LjM4MDRDMzkuNDA0OCA4LjA4MzgyIDM5LjM0MSA3LjQ3NTYgMzkuMTg5MSA2Ljg5MTEyQzM5LjAzNzMgNi4zMDY2NCAzOC43OTQyIDUuNzg3NzYgMzguNDYwMiA1LjMzNDYxQzM4LjEyNiA0Ljg4MTM1IDM3LjY5NDggNC41MTc1NCAzNy4xNjYzIDQuMjQzMTdDMzYuNjM3OCAzLjk2ODgxIDM2LjAwOTEgMy44MzE2OCAzNS4yODAyIDMuODMxNjhDMzQuNzU3NyAzLjgzMTY4IDM0LjI0NzUgMy45MzkwNyAzMy43NDk0IDQuMTUzODNDMzMuMjUxMyA0LjM2ODQ5IDMyLjgxMzkgNC42ODE1MSAzMi40MzczIDUuMDkzQzMyLjA2MDggNS41MDQ0OSAzMS43NTcgNi4wMDg0MyAzMS41MjYyIDYuNjA0OTRDMzEuMjk1NSA3LjIwMTI0IDMxLjE4IDcuODgxMDggMzEuMTggOC42NDQ0NkMzMS4xOCA5LjMyNDMgMzEuMjU4OSA5Ljk1OTQ3IDMxLjQxNjkgMTAuNTQ5OUMzMS41NzQ4IDExLjE0MDIgMzEuODE3NyAxMS42NTMyIDMyLjE0NTcgMTIuMDg4NUMzMi40NzM5IDEyLjUyMzkgMzIuODk2MSAxMi44NjA4IDMzLjQxMjMgMTMuMDk5M0MzMy45Mjg2IDEzLjMzNzkgMzQuNTUxMiAxMy40NTEyIDM1LjI4MDIgMTMuNDM5M0MzNi4zNDkzIDEzLjQzOTMgMzcuMjQ4MyAxMy4xNDQgMzcuOTc3MiAxMi41NTM3QzM4LjcwNjIgMTEuOTYzMiAzOS4xMzc0IDExLjEzMTMgMzkuMjcxMSAxMC4wNTc4SDM4LjkwNjdDMzguNzQ4NyAxMS4wNzE3IDM4LjM0NDcgMTEuODMyMSAzNy42OTQ4IDEyLjMzOUMzNy4wNDQ4IDEyLjg0NTkgMzYuMjI3OCAxMy4wOTkzIDM1LjI0MzcgMTMuMDk5M0MzNC41NzU1IDEzLjA5OTMgMzQuMDEwNiAxMi45ODYgMzMuNTQ4OSAxMi43NTk1QzMzLjA4NzQgMTIuNTMyOSAzMi43MTA3IDEyLjIyMjcgMzIuNDE5MSAxMS44MjkxQzMyLjEyNzYgMTEuNDM1NCAzMS45MTE5IDEwLjk3MzMgMzEuNzcyMiAxMC40NDI1QzMxLjYzMjUgOS45MTE3OSAzMS41NTY1IDkuMzM2MjIgMzEuNTQ0NCA4LjcxNTk4Wk0zOS4wMTU5IDguMzU4MThIMzEuNTQ0NUMzMS41ODA4IDcuNzE0MSAzMS43MDIzIDcuMTM1NjMgMzEuOTA4OCA2LjYyMjc3QzMyLjExNTUgNi4xMDk4IDMyLjM4NTcgNS42NzE0NyAzMi43MTk5IDUuMzA3NzZDMzMuMDUzOSA0Ljk0Mzk1IDMzLjQ0MjcgNC42NjY2OSAzMy44ODYxIDQuNDc1NzZDMzQuMzI5NSA0LjI4NDk1IDM0LjgwNjQgNC4xODk0OCAzNS4zMTY2IDQuMTg5NDhDMzUuOTI0MSA0LjE4OTQ4IDM2LjQ1ODUgNC4yOTk4NyAzNi45MjAzIDQuNTIwNTRDMzcuMzgxOSA0Ljc0MTIxIDM3Ljc2NzYgNS4wNDI0MiAzOC4wNzc1IDUuNDI0MDZDMzguMzg3MiA1LjgwNTcgMzguNjIxMSA2LjI1MDA1IDM4Ljc3OSA2Ljc1Njg5QzM4LjkzNyA3LjI2Mzg0IDM5LjAxNTkgNy43OTc2NCAzOS4wMTU5IDguMzU4MThaTTQ2Ljk0MzEgNi43NjU5MUg0Ny4zMDc1QzQ3LjMwNzUgNS43NDAwOSA0Ny4wMDM4IDQuOTk0NjQgNDYuMzk2NCA0LjUyOTQ2QzQ1Ljc4ODkgNC4wNjQyNyA0NC45NjI3IDMuODMxNjggNDMuOTE4IDMuODMxNjhDNDMuMzM0OCAzLjgzMTY4IDQyLjg0MjggMy45MDMzMSA0Mi40NDE5IDQuMDQ2NDVDNDIuMDQxIDQuMTg5NDggNDEuNzEzIDQuMzc0MzkgNDEuNDU3OCA0LjYwMDk3QzQxLjIwMjggNC44Mjc1NSA0MS4wMjA1IDUuMDc4MDcgNDAuOTExMiA1LjM1MjQ0QzQwLjgwMTggNS42MjY4IDQwLjc0NzEgNS44ODkyNCA0MC43NDcxIDYuMTM5NjZDNDAuNzQ3MSA2LjY0MDYgNDAuODM4MiA3LjA0MDE3IDQxLjAyMDUgNy4zMzgzN0M0MS4yMDI4IDcuNjM2NTcgNDEuNDg4MiA3Ljg2OTE2IDQxLjg3NyA4LjAzNjE0QzQyLjE0NDMgOC4xNTUzMyA0Mi40NDc5IDguMjYyNzIgNDIuNzg4MiA4LjM1ODI5QzQzLjEyODMgOC40NTM2NCA0My41MjMyIDguNTU1MDEgNDMuOTcyNyA4LjY2MjI5QzQ0LjM3MzUgOC43NTc4NiA0NC43Njg0IDguODUzMjEgNDUuMTU3MiA4Ljk0ODU3QzQ1LjU0NTkgOS4wNDQwMyA0NS44ODkyIDkuMTcyMjUgNDYuMTg2OCA5LjMzMzIxQzQ2LjQ4NDUgOS40OTQyOSA0Ni43Mjc0IDkuNzAwMDMgNDYuOTE1NyA5Ljk1MDU2QzQ3LjEwNCAxMC4yMDEgNDcuMTk4MiAxMC41MjkgNDcuMTk4MiAxMC45MzQ1QzQ3LjE5ODIgMTEuMzI4MiA0Ny4xMDQxIDExLjY2MjEgNDYuOTE1NyAxMS45MzY0QzQ2LjcyOSAxMi4yMDkzIDQ2LjQ4MzIgMTIuNDM4NCA0Ni4xOTYgMTIuNjA3NEM0NS45MDQ0IDEyLjc4MDMgNDUuNTc5MyAxMi45MDU1IDQ1LjIyMSAxMi45ODNDNDQuODYyNiAxMy4wNjA2IDQ0LjUxMzMgMTMuMDk5MyA0NC4xNzMyIDEzLjA5OTNDNDMuMDY3NiAxMy4wOTkzIDQyLjIyMDIgMTIuODU3OCA0MS42MzEgMTIuMzc0OEM0MS4wNDE4IDExLjg5MTcgNDAuNzQ3MiAxMS4xMzEzIDQwLjc0NzIgMTAuMDkzNkg0MC4zODI3QzQwLjM4MjcgMTEuMjUwNiA0MC43MDE2IDEyLjA5NzUgNDEuMzM5NCAxMi42MzQzQzQxLjk3NzIgMTMuMTcxIDQyLjkyMTggMTMuNDM5MyA0NC4xNzMyIDEzLjQzOTNDNDQuNTc0IDEzLjQzOTMgNDQuOTc4IDEzLjM5NDUgNDUuMzg1IDEzLjMwNTFDNDUuNzkxOSAxMy4yMTU2IDQ2LjE1NjUgMTMuMDY5NiA0Ni40Nzg0IDEyLjg2NjdDNDYuNzk3NSAxMi42NjY4IDQ3LjA2NTYgMTIuMzk3NSA0Ny4yNjE5IDEyLjA3OTZDNDcuNDYyNCAxMS43NTc1IDQ3LjU2MjcgMTEuMzYzOSA0Ny41NjI3IDEwLjg5ODdDNDcuNTYyNyAxMC40NTc0IDQ3LjQ3NDUgMTAuMDk5NiA0Ny4yOTg1IDkuODI1MjRDNDcuMTIyMiA5LjU1MDk5IDQ2Ljg5MTUgOS4zMjQzIDQ2LjYwNTkgOS4xNDU0QzQ2LjMyMDQgOC45NjY1IDQ1Ljk5ODUgOC44MjYzNyA0NS42NDAxIDguNzI1QzQ1LjI3OTcgOC42MjMwMyA0NC45MTgyIDguNTI0NTkgNDQuNTU1OCA4LjQyOTdDNDQuMTA5NyA4LjMxNDggNDMuNjYzMiA4LjIwMTUxIDQzLjIxNjQgOC4wODk4M0M0Mi44MzM4IDcuOTk0MzcgNDIuNDc4NCA3Ljg4MTA4IDQyLjE1MDQgNy43NDk4NkM0MS44MzQ1IDcuNjE4NjQgNDEuNTgyNCA3LjQzMDgyIDQxLjM5NDEgNy4xODYzMUM0MS4yMDU3IDYuOTQxOCA0MS4xMTE3IDYuNTkyOTIgNDEuMTExNyA2LjEzOTY2QzQxLjExMTcgNi4wNTYyMiA0MS4xMzU5IDUuOTA3MDcgNDEuMTg0NSA1LjY5MjQxQzQxLjIzMzEgNS40Nzc2NCA0MS4zNDg2IDUuMjU5OTggNDEuNTMwOCA1LjAzOTMxQzQxLjcxMyA0LjgxODc0IDQxLjk5MjMgNC42MjE5MSA0Mi4zNjkgNC40NDg5MkM0Mi43NDU2IDQuMjc2MDMgNDMuMjYyIDQuMTg5NDggNDMuOTE4IDQuMTg5NDhDNDQuMzY3NSA0LjE4OTQ4IDQ0Ljc3NzUgNC4yMzcyNyA0NS4xNDggNC4zMzI2MkM0NS41MTg2IDQuNDI4MDkgNDUuODM3NSA0LjU4MDE0IDQ2LjEwNDcgNC43ODg4OUM0Ni4zNzIgNC45OTc2NCA0Ni41Nzg1IDUuMjYyOTkgNDYuNzI0MyA1LjU4NTAzQzQ2Ljg3MDEgNS45MDcxNyA0Ni45NDMxIDYuMzAwNzMgNDYuOTQzMSA2Ljc2NTkxWk01NS4zODA0IDYuNzY1OTFINTUuNzQ0OEM1NS43NDQ4IDUuNzQwMDkgNTUuNDQxMiA0Ljk5NDY0IDU0LjgzMzcgNC41Mjk0NkM1NC4yMjYzIDQuMDY0MjcgNTMuNDAwMiAzLjgzMTY4IDUyLjM1NTMgMy44MzE2OEM1MS43NzIyIDMuODMxNjggNTEuMjgwMSAzLjkwMzMxIDUwLjg3OTMgNC4wNDY0NUM1MC40NzgzIDQuMTg5NDggNTAuMTUwMyA0LjM3NDM5IDQ5Ljg5NTIgNC42MDA5N0M0OS42NDAxIDQuODI3NTUgNDkuNDU3OCA1LjA3ODA3IDQ5LjM0ODUgNS4zNTI0NEM0OS4yMzkxIDUuNjI2OCA0OS4xODQ1IDUuODg5MjQgNDkuMTg0NSA2LjEzOTY2QzQ5LjE4NDUgNi42NDA2IDQ5LjI3NTYgNy4wNDAxNyA0OS40NTggNy4zMzgzN0M0OS42NDAxIDcuNjM2NTcgNDkuOTI1NiA3Ljg2OTE2IDUwLjMxNDQgOC4wMzYxNEM1MC41ODE3IDguMTU1MzMgNTAuODg1MyA4LjI2MjcyIDUxLjIyNTUgOC4zNTgyOUM1MS41NjU2IDguNDUzNjQgNTEuOTYwNSA4LjU1NTAxIDUyLjQxIDguNjYyMjlDNTIuODExIDguNzU3ODYgNTMuMjA1OCA4Ljg1MzIxIDUzLjU5NDUgOC45NDg1N0M1My45ODMzIDkuMDQ0MDMgNTQuMzI2NSA5LjE3MjI1IDU0LjYyNDIgOS4zMzMyMUM1NC45MjE4IDkuNDk0MjkgNTUuMTY0OCA5LjcwMDAzIDU1LjM1MyA5Ljk1MDU2QzU1LjU0MTQgMTAuMjAxIDU1LjYzNTYgMTAuNTI5IDU1LjYzNTYgMTAuOTM0NUM1NS42MzU2IDExLjMyODIgNTUuNTQxNCAxMS42NjIxIDU1LjM1MyAxMS45MzY0QzU1LjE2NjMgMTIuMjA5MyA1NC45MjA2IDEyLjQzODQgNTQuNjMzNCAxMi42MDc0QzU0LjM0MTcgMTIuNzgwMyA1NC4wMTY3IDEyLjkwNTUgNTMuNjU4MyAxMi45ODNDNTMuMyAxMy4wNjA2IDUyLjk1MDYgMTMuMDk5MyA1Mi42MTA1IDEzLjA5OTNDNTEuNTA0OSAxMy4wOTkzIDUwLjY1NzYgMTIuODU3OCA1MC4wNjg0IDEyLjM3NDhDNDkuNDc5MSAxMS44OTE3IDQ5LjE4NDUgMTEuMTMxMyA0OS4xODQ1IDEwLjA5MzZINDguODIwMUM0OC44MjAxIDExLjI1MDYgNDkuMTM4OSAxMi4wOTc1IDQ5Ljc3NjggMTIuNjM0M0M1MC40MTQ1IDEzLjE3MSA1MS4zNTkxIDEzLjQzOTMgNTIuNjEwNSAxMy40MzkzQzUzLjAxMTQgMTMuNDM5MyA1My40MTU0IDEzLjM5NDUgNTMuODIyMyAxMy4zMDUxQzU0LjIyOTIgMTMuMjE1NiA1NC41OTM4IDEzLjA2OTYgNTQuOTE1OCAxMi44NjY3QzU1LjIzNDkgMTIuNjY2OCA1NS41MDMgMTIuMzk3NSA1NS42OTkzIDEyLjA3OTZDNTUuODk5OCAxMS43NTc1IDU2IDExLjM2MzkgNTYgMTAuODk4N0M1NiAxMC40NTc0IDU1LjkxMiAxMC4wOTk2IDU1LjczNTggOS44MjUyNEM1NS41NTk3IDkuNTUwOTkgNTUuMzI4OSA5LjMyNDMgNTUuMDQzMyA5LjE0NTRDNTQuNzU3OCA4Ljk2NjUgNTQuNDM1OCA4LjgyNjM3IDU0LjA3NzUgOC43MjVDNTMuNzE3MSA4LjYyMzAzIDUzLjM1NTYgOC41MjQ1OSA1Mi45OTMyIDguNDI5N0M1Mi41NDcxIDguMzE0OCA1Mi4xMDA3IDguMjAxNTEgNTEuNjUzOCA4LjA4OTgzQzUxLjI3MTEgNy45OTQzNyA1MC45MTU3IDcuODgxMDggNTAuNTg3NyA3Ljc0OTg2QzUwLjI3MTggNy42MTg2NCA1MC4wMTk3IDcuNDMwODIgNDkuODMxNSA3LjE4NjMxQzQ5LjY0MzEgNi45NDE4IDQ5LjU0OSA2LjU5MjkyIDQ5LjU0OSA2LjEzOTY2QzQ5LjU0OSA2LjA1NjIyIDQ5LjU3MzIgNS45MDcwNyA0OS42MjE5IDUuNjkyNDFDNDkuNjcwNSA1LjQ3NzY0IDQ5Ljc4NiA1LjI1OTk4IDQ5Ljk2ODEgNS4wMzkzMUM1MC4xNTAzIDQuODE4NzQgNTAuNDI5OCA0LjYyMTkxIDUwLjgwNjMgNC40NDg5MkM1MS4xODMgNC4yNzYwMyA1MS42OTkzIDQuMTg5NDggNTIuMzU1NCA0LjE4OTQ4QzUyLjgwNDkgNC4xODk0OCA1My4yMTQ5IDQuMjM3MjcgNTMuNTg1NCA0LjMzMjYyQzUzLjk1NiA0LjQyODA5IDU0LjI3NDggNC41ODAxNCA1NC41NDIxIDQuNzg4ODlDNTQuODA5NSA0Ljk5NzY0IDU1LjAxNiA1LjI2Mjk5IDU1LjE2MTggNS41ODUwM0M1NS4zMDc1IDUuOTA3MTcgNTUuMzgwNSA2LjMwMDczIDU1LjM4MDUgNi43NjU5MUg1NS4zODA0WiIgZmlsbD0id2hpdGUiLz4KPC9zdmc+Cg==	\N
19	Nest	PHN2ZyB3aWR0aD0iMTYiIGhlaWdodD0iMTciIHZpZXdCb3g9IjAgMCAxNiAxNyIgZmlsbD0ibm9uZSIgeG1sbnM9Imh0dHA6Ly93d3cudzMub3JnLzIwMDAvc3ZnIj4KPHBhdGggZD0iTTkuNDIwNjIgMC40Mjk3NDlDOS4zMDUyOSAwLjQyOTc0OSA5LjE5Nzk2IDAuNDU0NTEyIDkuMDk4NjMgMC40ODc5NzdDOS4zMDkyOSAwLjYyODUyNyA5LjQyNTI5IDAuODE1OTI4IDkuNDgyNjIgMS4wMjc0MkM5LjQ4NzI5IDEuMDU2MiA5LjQ5NTI5IDEuMDc2OTUgOS40OTkyOSAxLjEwNTczQzkuNTA0MjQgMS4xMzA0MyA5LjUwNzE0IDEuMTU1NTEgOS41MDc5NiAxLjE4MDY5QzkuNTIzOTYgMS41NDU0NSA5LjQxMjYyIDEuNTkxNjMgOS4zMzQ2MiAxLjgwNzE0QzkuMjE0NjIgMi4wODQ5IDkuMjQ3OTYgMi4zODM0IDkuMzkxOTYgMi42MjM2OEM5LjQwNTE0IDIuNjU1OSA5LjQyMTY4IDIuNjg2NjMgOS40NDEyOSAyLjcxNTM3QzkuMjg0NjIgMS42NjU5MiAxMC4xNTY2IDEuNTA4NjQgMTAuMzE3MyAxLjE4MDY5QzEwLjMyOTkgMC44OTQyMzQgMTAuMDk0NiAwLjcwMzQ4NyA5LjkwODYyIDAuNTcwOTY4QzkuNzYyNDUgMC40Nzg3NiA5LjU5MzI1IDAuNDMwMDI3IDkuNDIwNjIgMC40MzA0MThWMC40Mjk3NDlaTTEwLjczNDYgMC42NjYwMDdDMTAuNzE4NiAwLjc2MTcxNSAxMC43MzA2IDAuNzM2OTUyIDEwLjcyNjYgMC43ODY0NzlDMTAuNzIyNiAwLjgxOTk0MyAxMC43MjI2IDAuODYxNDM5IDEwLjcxODYgMC44OTQyMzRDMTAuNzA5OSAwLjkyNzY5OSAxMC43MDE5IDAuOTYxMTYzIDEwLjY4OTMgMC45OTM5NThDMTAuNjgxMyAxLjAyNzQyIDEwLjY2OTMgMS4wNjA4OSAxMC42NTU5IDEuMDkzNjhMMTAuNjExMyAxLjE4ODcyQzEwLjU5NzkgMS4yMDU0NSAxMC41OTA2IDEuMjIyMTkgMTAuNTc3OSAxLjIzODkyTDEwLjU1MzMgMS4yNzU3M0MxMC41MzM2IDEuMzA0MTMgMTAuNTEyOSAxLjMzMTgxIDEwLjQ5MTMgMS4zNTg3MkMxMC40NjY2IDEuMzg0MTUgMTAuNDQ1OSAxLjQxMjkzIDEwLjQxNjYgMS40MzM2OFYxLjQzNzdDMTAuMzkxOSAxLjQ1ODQ0IDEwLjM2NzMgMS40ODMyMSAxMC4zMzc5IDEuNTA0NjNDMTAuMjUxMyAxLjU3MDg4IDEwLjE1MjYgMS42MjA0MSAxMC4wNjEzIDEuNjgyNjZDMTAuMDMyNiAxLjcwMjczIDEwLjAwMzMgMS43MjAxNCA5Ljk3ODYyIDEuNzQ0OUM5Ljk1MDU3IDEuNzY0NyA5LjkyNDI1IDEuNzg2ODcgOS44OTk5NSAxLjgxMTE2QzkuODcxMjkgMS44MzU5MiA5Ljg1MDYyIDEuODYwNjkgOS44MjU5NSAxLjg5MDE0QzkuODA1MjkgMS45MTQ5IDkuNzgwNjIgMS45NDM2OCA5Ljc2Mzk1IDEuOTczMTNDOS43NDMyIDIuMDAxMTUgOS43MjM4NSAyLjAzMDE5IDkuNzA1OTUgMi4wNjAxM0M5LjY4OTI5IDIuMDkzNiA5LjY3NzI5IDIuMTIyMzggOS42NjA2MiAyLjE1NTE3QzkuNjQ3OTUgMi4xODg2NCA5LjYzNTk1IDIuMjE3NDIgOS42MjcyOSAyLjI1MDg4QzkuNjE2MzUgMi4yODUwNiA5LjYwNjc5IDIuMzE5NjcgOS41OTg2MiAyLjM1NDYyQzkuNTk0NjIgMi4zNzEzNSA5LjU5NDYyIDIuMzkyMSA5LjU5MDYyIDIuNDA4MTZDOS41ODU5NSAyLjQyNDkgOS41ODU5NSAyLjQ0MTYzIDkuNTgxOTUgMi40NTgzNkM5LjU4MTk1IDIuNDkxODMgOS41Nzc5NSAyLjUyODY0IDkuNTc3OTUgMi41NjIxQzkuNTc3OTUgMi41ODY4NiA5LjU3Nzk2IDIuNjExNjMgOS41ODE5NSAyLjYzNjM5QzkuNTgxOTUgMi42Njk4NiA5LjU4NTk1IDIuNzAzMzIgOS41OTQ2MiAyLjc0MDEzQzkuNTk4NjIgMi43NzM2IDkuNjA2NjIgMi44MDcwNiA5LjYxNDYyIDIuODQwNTJDOS42Mjc5NSAyLjg3MzMyIDkuNjM1OTUgMi45MDYxMSA5LjY0Nzk1IDIuOTM5NThDOS42NTY2MiAyLjk1OTY2IDkuNjY4NjIgMi45ODEwNyA5LjY3NzI5IDIuOTk3ODFMOC43MjY2MyAyLjYyODM2QzguNTY1OTYgMi41ODI4NSA4LjQwODYzIDIuNTQxMzUgOC4yNDczIDIuNTAzODdMNy45ODczIDIuNDQxNjNDNy43MzkzIDIuMzkyMSA3LjQ4NzMgMi4zNTQ2MiA3LjIzNTMxIDIuMzI5ODZDNy4yMjY2NCAyLjMyOTg2IDcuMjIyNjQgMi4zMjU4NCA3LjIxNDY0IDIuMzI1ODRDNi43ODg4MiAyLjI4MzAyIDYuMzYwMSAyLjI3NzQyIDUuOTMzMzEgMi4zMDkxMUM1LjY4MTMyIDIuMzI1ODQgNS40MjkzMiAyLjM1ODY0IDUuMTc3MzIgMi40MDAxM0M0Ljk5MDA1IDIuNDMyNTMgNC44MDM5NCAyLjQ3MTM3IDQuNjE5MzIgMi41MTY1OUw0LjQzMzMzIDIuNTY2MTJDNC4zNzE5OSAyLjU5MDg4IDQuMzEzMzMgMi42MTk2NiA0LjI1NTk5IDIuNjQ1MDlMNC4xMTkzMyAyLjcwNzM0QzQuMTExMzMgMi43MTEzNSA0LjEwMzMzIDIuNzExMzUgNC4wOTkzMyAyLjcxNTM3QzQuMDU3MzMgMi43MzYxMiA0LjAyMDY2IDIuNzUyODUgMy45ODMzMyAyLjc3MzZDMy45Mjk2NSAyLjc5NzM3IDMuODc3MTUgMi44MjM3MiAzLjgyNiAyLjg1MjU3QzMuNzk3MzMgMi44NjQ2MiAzLjc2ODY2IDIuODgxMzUgMy43NDMzMyAyLjg5NDA3QzMuNzMxNDkgMi45MDE0NCAzLjcxOTI1IDIuOTA4MTUgMy43MDY2NiAyLjkxNDE1QzMuNjY5MzMgMi45MzU1NiAzLjYzMiAyLjk1NjMxIDMuNTk4NjYgMi45NzcwNkMzLjU2NDY0IDIuOTk1OTQgMy41MzE3IDMuMDE2NzIgMy41IDMuMDM5M0MzLjQ3MDY3IDMuMDU5MzggMy40NDIgMy4wNzYxMSAzLjQxNzMzIDMuMDk2ODZDMy40MTMzMyAzLjEwMTU1IDMuNDA4NjcgMy4xMDE1NSAzLjQwNDY3IDMuMTA1NTZDMy4zOCAzLjEyMjI5IDMuMzUxMzMgMy4xNDMwNCAzLjMyNiAzLjE2Mzc5TDMuMzE4IDMuMTcxODJMMy4yNTYgMy4yMjEzNUMzLjI0OCAzLjIyNjAzIDMuMjM5MzMgMy4yMzQwNyAzLjIzMTMzIDMuMjM4MDhDMy4yMTA2NyAzLjI1NDgxIDMuMTkgMy4yNzU1NiAzLjE2OTM0IDMuMjkxNjJDMy4xNjUzNCAzLjMwMDMzIDMuMTU2NjcgMy4zMDUwMSAzLjE1MjY3IDMuMzA4MzZDMy4xMjggMy4zMzM3OSAzLjEwMzM0IDMuMzU0NTQgMy4wNzg2NyAzLjM3OTNDMy4wNzQgMy4zNzkzIDMuMDc0IDMuMzgzMzIgMy4wNyAzLjM4NzMzQzMuMDQ0MzEgMy40MDk4OCAzLjAxOTYyIDMuNDMzNTUgMi45OTYgMy40NTgyOEMyLjk5MTM0IDMuNDYyMjkgMi45OTEzNCAzLjQ2NjMxIDIuOTg3MzQgMy40NjYzMUMyLjk2NTY0IDMuNDg3NjMgMi45NDQ5NSAzLjUwOTk3IDIuOTI1MzQgMy41MzMyNEMyLjkxNzM0IDMuNTQxMjcgMi45MDUzNCAzLjU0OTMgMi44OTY2NyAzLjU1NzMzQzIuODc0NTMgMy41ODM2MyAyLjg1MDk0IDMuNjA4NjUgMi44MjYgMy42MzIyOUMyLjgyMiAzLjY0MDMyIDIuODE0IDMuNjQ1MDEgMi44MSAzLjY1MjM3QzIuNzc2NjcgMy42ODU4NCAyLjc0OCAzLjcxOTMgMi43MTQ2NyAzLjc1Mjc2TDIuNzAyNjcgMy43NjQ4MUMyLjYzNjAxIDMuODM1NzYgMi41NjYwMSAzLjkwNjAzIDIuNDkxMzQgMy45NjgyN0MyLjQxNzM0IDQuMDM1MiAyLjMzODY3IDQuMDk2NzggMi4yNjAwMSA0LjE1MDk5QzIuMTAyMDYgNC4yNjQyNiAxLjkzMTYgNC4zNTg4MSAxLjc1MjAxIDQuNDMyNzZDMS42NjUzNSA0LjQ3MDI0IDEuNTc0MDEgNC41MDM3MSAxLjQ4MzM1IDQuNTMyNDhDMS4zMTAwMiA0LjU2OTk2IDEuMTMyMDIgNC42NDAyNCAwLjk3OTM1MSA0LjY1Mjk2QzAuOTQ2MDE4IDQuNjUyOTYgMC45MDkzNTIgNC42NjA5OSAwLjg3NjAxOSA0LjY2NUwwLjc3MjY4NiA0LjY4OTc3TDAuNjczMzUzIDQuNzI3MjVDMC42NDAwMiA0LjczOTk2IDAuNjA3MzU0IDQuNzU2NyAwLjU3NDY4NyA0Ljc3Mjc2QzAuNTQ1MzU0IDQuNzkzNTEgMC41MTI2ODggNC44MTAyNCAwLjQ4MzM1NSA0LjgzMDk5QzAuNDUzOTQxIDQuODUyMzYgMC40MjYyOTYgNC44NzYwOSAwLjQwMDY4OSA0LjkwMTkzQzAuMzcyMDIyIDQuOTIyMDEgMC4zNDI2ODkgNC45NTE0NiAwLjMxODAyMyA0Ljk3NjIyQzAuMjkzMzU2IDUuMDA1IDAuMjY4NjkgNS4wMjk3NyAwLjI0ODAyMyA1LjA1OTIxQzAuMjI3MzU3IDUuMDkyNjggMC4yMDI2OSA1LjEyMTQ2IDAuMTg2MDI0IDUuMTU0OTJDMC4xNjQzMDkgNS4xODUwNyAwLjE0NDkxOSA1LjIxNjg1IDAuMTI4MDI0IDUuMjQ5OTZDMC4xMTEzNTcgNS4yODc0NCAwLjA5NDY5MDkgNS4zMjA5MSAwLjA4MjY5MSA1LjM1NzcyQzAuMDcwMDI0NCA1LjM5MTE4IDAuMDU4MDI0NSA1LjQyODY2IDAuMDQ1MzU3OSA1LjQ2NTQ3QzAuMDM3MzU4IDUuNDk4OTQgMC4wMjg2OTE0IDUuNTMyNCAwLjAyNTM1ODEgNS41NjU4N0MwLjAyNTM1ODEgNS41NjkyMSAwLjAyMDY5MTQgNS41NzM5IDAuMDIwNjkxNCA1LjU3NzkxQzAuMDEyNjkxNSA1LjYxNTM5IDAuMDEyNjkxNSA1LjY2NDkyIDAuMDA4MDI0ODcgNS42ODk2OEMwLjAwNDAyNDkgNS43MTkxMyAyLjQ5MjkzZS0wNSA1Ljc0MzIzIDIuNDkyOTNlLTA1IDUuNzcyNjhDLTAuMDAwNzQyMDc3IDUuODQ0ODUgMC4wMTYyMDA3IDUuOTE2MTEgMC4wNDkzNTc5IDUuOTgwMTVWNS45ODQxN0MwLjA2MjAyNDUgNi4wMDg5MyAwLjA3ODY5MSA2LjAzNDM3IDAuMDk1MzU3NiA2LjA1OTEzQzAuMTExMzU3IDYuMDgzODkgMC4xMjg2OTEgNi4xMDg2NiAwLjE0ODY5MSA2LjEzMzQyQzAuMTY5MzU3IDYuMTU0MTcgMC4xOTQwMjQgNi4xNzk2IDAuMjE5MzU3IDYuMjAwMzVDMC4yNDM0NDYgNi4yMjQ2MSAwLjI2OTUzOSA2LjI0Njc3IDAuMjk3MzU2IDYuMjY2NjFDMC4zOTY2ODkgNi4zNTM2MiAwLjQyMTM1NSA2LjM4MjQgMC41NDkzNTQgNi40NDg2NkMwLjU3MDAyMSA2LjQ2MTM3IDAuNTkwNjg3IDYuNDY5NCAwLjYxNjAyIDYuNDgyMTJDMC42MjAwMiA2LjQ4MjEyIDAuNjI0MDIgNi40ODYxNCAwLjYyODAyIDYuNDg2MTRDMC42MjgwMiA2LjQ5NDg0IDAuNjI4MDIgNi40OTg4NSAwLjYzMjAyIDYuNTA2ODhDMC42NDE2NzEgNi41NzUyOSAwLjY1OTU4IDYuNjQyMjcgMC42ODUzNTMgNi43MDYzM0MwLjY5ODY4NyA2LjczMTEgMC43MDY2ODYgNi43NTU4NiAwLjcxODY4NiA2Ljc4MDYyQzAuNzIzMzUzIDYuNzg5MzIgMC43MjczNTMgNi43OTczNiAwLjczMjAyIDYuODAxMzdDMC43NDgwMiA2LjgzNDg0IDAuNzY0Njg2IDYuODYzNjIgMC43ODA2ODYgNi44OTMwNkwwLjg0MjY4NiA2Ljk4MDA3QzAuODYzMzUyIDcuMDA0ODMgMC44ODg2ODUgNy4wMzM2MSAwLjkxMzM1MiA3LjA1OTA1QzAuOTM4MDE4IDcuMDgzODEgMC45NjI2ODUgNy4xMDQ1NiAwLjk5MjAxOCA3LjEyOTMyQzAuOTkyMDE4IDcuMTI5MzIgMC45OTYwMTggNy4xMzMzNCAxLjAwMDAyIDcuMTMzMzRDMS4wMjQ2OCA3LjE1NDA5IDEuMDQ5MzUgNy4xNzQ4MyAxLjA3NDY4IDcuMTkxNTdDMS4xMDM0MyA3LjIxMTgyIDEuMTMzNzUgNy4yMjk3MiAxLjE2NTM1IDcuMjQ1MTFDMS4xOTQwMiA3LjI2MTg0IDEuMjI3MzUgNy4yNzg1NyAxLjI2MDAyIDcuMjkxMjlDMS4yODY2NSA3LjMwMzM2IDEuMzE0MzIgNy4zMTI5OSAxLjM0MjY4IDcuMzIwMDdDMS4zNDczNSA3LjMyNDA5IDEuMzUxMzUgNy4zMjQwOSAxLjM1OTM1IDcuMzI4MUMxLjM3NjAxIDcuMzMyNzkgMS4zOTY2OCA3LjMzNjggMS40MTI2OCA3LjM0MDgyQzEuNDAwNjggNy41NjUwMyAxLjM5NjY4IDcuNzc1ODYgMS40MzAwMSA3Ljg1MDgyQzEuNDY2NjggNy45MzM4MSAxLjY0ODY4IDcuNjgwODIgMS44MzAwMSA3LjM5MDM0QzEuODA2MDEgNy42NzY4IDEuNzg5MzUgOC4wMTI3OCAxLjgzMDAxIDguMTEyNTFDMS44NzYwMSA4LjIxNjI1IDIuMTIzMzQgNy44OTIzMSAyLjMzODY3IDcuNTM1NThDNS4yNjg2NSA2Ljg1NTU4IDcuOTQxOTcgOC44ODc1NCA4LjIyMjYzIDExLjc1ODhDOC4xNjkzIDExLjMxMDQgNy42MTkzIDExLjA2MjEgNy4zNjczIDExLjEyNDNDNy4yNDMzMSAxMS40MzA4IDcuMDMyNjQgMTEuODI1IDYuNjkzOTggMTIuMDdDNi43MjI2NCAxMS43OTU2IDYuNzEwNjQgMTEuNTE0NSA2LjY1MjY0IDExLjI0MDFDNi41NjAxIDExLjYyMjEgNi4zODUwOSAxMS45NzkgNi4xMzk5OCAxMi4yODU1QzUuNzQ3OTggMTIuMzE0MyA1LjM1NTMyIDEyLjEyMzUgNS4xNDg2NSAxMS44MzcxQzUuMTMxOTkgMTEuODI1IDUuMTI3OTkgMTEuODAwMyA1LjExNTMyIDExLjc4MzZDNS4xMDMzMiAxMS43NTQ4IDUuMDkwNjUgMTEuNzI1MyA1LjA4MTk5IDExLjY5NjVDNS4wNjk5OSAxMS42Njg4IDUuMDYxNyAxMS42Mzk1IDUuMDU3MzIgMTEuNjA5NUM1LjA1MzMyIDExLjU4MDEgNS4wNTMzMiAxMS41NTEzIDUuMDUzMzIgMTEuNTE3OFYxMS40NTU2QzUuMDU4MjUgMTEuNDI2MiA1LjA2NTE2IDExLjM5NzEgNS4wNzM5OSAxMS4zNjg2QzUuMDgyNjUgMTEuMzM5OCA1LjA5MDY1IDExLjMxMSA1LjEwMzMyIDExLjI4MTZDNS4xMTkzMiAxMS4yNTI4IDUuMTMxOTkgMTEuMjIzNCA1LjE1MjY1IDExLjE5NDZDNS4yMjI2NSAxMC45OTUxIDUuMjIyNjUgMTAuODMzMiA1LjA5NDY1IDEwLjczODFDNS4wNjk3OSAxMC43MjE4IDUuMDQzNDYgMTAuNzA3OSA1LjAxNTk5IDEwLjY5NjZDNC45OTk5OSAxMC42OTI2IDQuOTc5MzIgMTAuNjg0NiA0Ljk2MjY2IDEwLjY3OTlMNC45MjkzMiAxMC42Njc4QzQuOTAxMDIgMTAuNjU4NyA0Ljg3MjA0IDEwLjY1MTcgNC44NDI2NiAxMC42NDcxQzQuODE0NSAxMC42Mzg4IDQuNzg1MzMgMTAuNjM0NSA0Ljc1NTk5IDEwLjYzNDRDNC43MjU5OCAxMC42Mjk3IDQuNjk1NjkgMTAuNjI3IDQuNjY1MzIgMTAuNjI2NEM0LjY0NDY2IDEwLjYyNjQgNC42MjM5OSAxMC42MzA0IDQuNjAzMzIgMTAuNjMwNEM0LjU3MjQzIDEwLjYzMDIgNC41NDE2NyAxMC42MzQ1IDQuNTExOTkgMTAuNjQzMUM0LjQ4MzMzIDEwLjY0NzEgNC40NTQ2NiAxMC42NTExIDQuNDI1MzMgMTAuNjU5MUM0LjM5NTg0IDEwLjY2NzEgNC4zNjY4OSAxMC42NzY5IDQuMzM4NjYgMTAuNjg4NkM0LjMwOTk5IDEwLjcwMDYgNC4yODUzMyAxMC43MTM0IDQuMjU1OTkgMTAuNzI2MUM0LjIzMTMzIDEwLjczODEgNC4yMDY2NiAxMC43NTQ5IDQuMTc3MzMgMTAuNzY3NkMzLjIxNDY3IDExLjM5OCAzLjc4OTMzIDEyLjg3NDUgNC40NDU5OSAxMy4zMDIyQzQuMTk3OTkgMTMuMzQ3NyAzLjk0NiAxMy40MDEyIDMuODc2IDEzLjQ1NTRMMy44NjczMyAxMy40NjM1QzQuMDQ1MzMgMTMuNTcxMiA0LjIzMTMzIDEzLjY2MjkgNC40MjUzMyAxMy43NDE5QzQuNjg5OTkgMTMuODI4OSA0Ljk3MDY2IDEzLjkwNzIgNS4wOTQ2NSAxMy45NDA3VjEzLjk0NDdDNS40MzcwMSAxNC4wMTUzIDUuNzg3MSAxNC4wNDA1IDYuMTM1OTggMTQuMDE5NkM3Ljk2NjYzIDEzLjg5MTEgOS40NjY2MiAxMi40OTMgOS43MzkyOSAxMC42NTExTDkuNzYzOTUgMTAuNzU4OUM5Ljc3NjYyIDEwLjgzMzggOS43OTI2MiAxMC45MTI4IDkuODAxMjkgMTAuOTkxMVYxMC45OTUxQzkuODA5MjkgMTEuMDMyNiA5LjgxMzI5IDExLjA3MDEgOS44MTc5NSAxMS4xMDM2VjExLjExOTZDOS44MjE5NSAxMS4xNTcxIDkuODI1OTUgMTEuMTk0NiA5LjgyNTk1IDExLjIyOEM5LjgyOTk1IDExLjI3MzYgOS44MzM5NSAxMS4zMTkxIDkuODMzOTUgMTEuMzY0NlYxMS40MzE1QzkuODMzOTUgMTEuNDUxNiA5LjgzODYyIDExLjQ3NjMgOS44Mzg2MiAxMS40OTcxQzkuODM4NjIgMTEuNTIyNSA5LjgzMzk1IDExLjU0NzMgOS44MzM5NSAxMS41NzIxVjExLjYzMDNDOS44MzM5NSAxMS42NTkxIDkuODI5OTUgMTEuNjgzOCA5LjgyOTk1IDExLjcxMzNDOS44Mjk5NSAxMS43MyA5LjgyOTk1IDExLjc0NjcgOS44MjU5NSAxMS43NjY4QzkuODI1OTUgMTEuNzk2MyA5LjgyMTk1IDExLjgyNSA5LjgyMTk1IDExLjg1ODVDOS44MTc5NSAxMS44NzA2IDkuODE3OTUgMTEuODgzMyA5LjgxNzk1IDExLjg5NTNMOS44MDQ2MiAxMS45OTFDOS44MDQ2MiAxMi4wMDM3IDkuODA0NjIgMTIuMDE1OCA5LjgwMTI5IDEyLjAyODVDOS43OTY2MiAxMi4wNyA5Ljc4ODYyIDEyLjEwNzUgOS43ODQ2MiAxMi4xNDlWMTIuMTU3TDkuNzU5OTUgMTIuMjczNVYxMi4yODU1TDkuNzM1MjkgMTIuMzk3M0M5LjczNTI5IDEyLjQwMiA5LjczMDYyIDEyLjQxMDcgOS43MzA2MiAxMi40MTRDOS43MjMwMiAxMi40NTIgOS43MTM0NSAxMi40ODk1IDkuNzAxOTUgMTIuNTI2NVYxMi41Mzg1QzkuNjg5MjkgMTIuNTggOS42NzcyOSAxMi42MTc1IDkuNjY4NjIgMTIuNjU1QzkuNjY0NjIgMTIuNjU5IDkuNjY0NjIgMTIuNjYzIDkuNjY0NjIgMTIuNjYzTDkuNjI3MjkgMTIuNzg3NUM5LjYxMTI5IDEyLjgyOSA5LjU5ODYyIDEyLjg2NjUgOS41ODE5NSAxMi45MDhDOS41NjUyOSAxMi45NDk1IDkuNTUzMjkgMTIuOTkwOSA5LjUzNjYyIDEzLjAyODRDOS41MTk5NiAxMy4wNjk5IDkuNTAzMjkgMTMuMTA2NyA5LjQ4NzI5IDEzLjE0ODlIOS40ODI2MkM5LjQ2NjYyIDEzLjE4NTcgOS40NDkyOSAxMy4yMjcyIDkuNDI5MjkgMTMuMjY0N0M5LjQyNTgyIDEzLjI3NDYgOS40MjE1OCAxMy4yODQyIDkuNDE2NjIgMTMuMjkzNUM5LjQxMjYyIDEzLjI5NzUgOS40MTI2MiAxMy4zMDIyIDkuNDA4NjIgMTMuMzA2MkM5LjEzNTM1IDEzLjg1NTQgOC43Mzc1OSAxNC4zMzI3IDguMjQ3MyAxNC42OTk2QzguMjEzOTcgMTQuNzIwNCA4LjE4MTMgMTQuNzQ1OCA4LjE0Nzk3IDE0Ljc3MDZDOC4xMzk5NyAxNC43Nzg2IDguMTI3OTYgMTQuNzgyNiA4LjExOTMgMTQuNzkwN0M4LjA4OTc1IDE0LjgxMjYgOC4wNTk1MSAxNC44MzM2IDguMDI4NjMgMTQuODUzNkw4LjA0MDYzIDE0Ljg3ODNIOC4wNDUzTDguMjE4NjMgMTQuODUzNkg4LjIyMjYzQzguMzI5OTYgMTQuODM2OCA4LjQzNzMgMTQuODE2MSA4LjU0NDYzIDE0Ljc5NTNDOC41NzM5NiAxNC43OTEzIDguNjA2NjMgMTQuNzgyNiA4LjYzNTk2IDE0Ljc3NDZMOC42OTM5NiAxNC43NjE5QzguNzIyNjMgMTQuNzU3OSA4Ljc1MTI5IDE0Ljc0OTggOC43ODA2MyAxNC43NDU4QzguODA1MjkgMTQuNzM3MSA4LjgyOTk2IDE0LjczMjQgOC44NTQ2MyAxNC43MjUxQzkuMjY3OTYgMTQuNjI0NyA5LjY2ODYyIDE0LjQ4ODEgMTAuMDUzMyAxNC4zMjY4QzkuMzg5MTggMTUuMjM1IDguNTA1OTUgMTUuOTU4NiA3LjQ4NjY0IDE2LjQyOTdDNy45NjI2MyAxNi4zOTYzIDguNDM3MyAxNi4zMTggOC44OTU5NiAxNi4xODQ4QzEwLjU1NjEgMTUuNjk0OCAxMS45NTgyIDE0LjU3IDEyLjgwMDYgMTMuMDUyNUMxMi42MzA1IDE0LjAxMzEgMTIuMjUxIDE0LjkyNDEgMTEuNjg5MyAxNS43MjAzQzEyLjA4OTcgMTUuNDU1MSAxMi40NTk4IDE1LjE0NjIgMTIuNzkyNiAxNC43OTk0QzEzLjcxNzUgMTMuODMgMTQuMzI0NyAxMi41OTk2IDE0LjUzMjYgMTEuMjczNkMxNC42NzI2IDExLjkyOTUgMTQuNzEzOSAxMi42MDU0IDE0LjY1MjYgMTMuMjcyN0MxNy42MzUyIDkuMDk1NjkgMTQuODk5OSA0Ljc2NDczIDEzLjc1NTMgMy42MjQyNkMxMy43NTEzIDMuNjE1NTYgMTMuNzQ3MyAzLjYxMTU0IDEzLjc0NzMgMy42MDM1MUMxMy43NDMzIDMuNjA3NTMgMTMuNzQzMyAzLjYwNzUzIDEzLjc0MzMgMy42MTE1NEMxMy43NDMzIDMuNjA3NTMgMTMuNzQzMyAzLjYwNzUzIDEzLjczODYgMy42MDM1MUMxMy43Mzg2IDMuNjUzMDQgMTMuNzM0NiAzLjcwMjU3IDEzLjczMDYgMy43NTI3NkMxMy43MTkxIDMuODQ1NjggMTMuNzA1NCAzLjkzODMgMTMuNjg5MyA0LjAzMDUyQzEzLjY2OTMgNC4xMjE1NCAxMy42NDM5IDQuMjEzMjMgMTMuNjE5MyA0LjMwNDkzQzEzLjU4OTkgNC4zOTE5MyAxMy41NTczIDQuNDgyOTYgMTMuNTE5MyA0LjU2OTk2QzEzLjQ4MTUgNC42NTU4OSAxMy40NDAzIDQuNzQwMjkgMTMuMzk1OSA0LjgyMjk2QzEzLjMwMzcgNC45ODU1NyAxMy4xOTczIDUuMTM5NjYgMTMuMDc3OSA1LjI4MzQzQzEzLjAxNTkgNS4zNTc3MiAxMi45NDk5IDUuNDIzOTggMTIuODgzMyA1LjQ5MDkxQzEyLjg0NDMgNS41MjY2NyAxMi44MDQzIDUuNTYxMjcgMTIuNzYzMyA1LjU5NDY1TDEyLjY2ODYgNS42Nzc2NEMxMi41OTQ4IDUuNzM2MDggMTIuNTE3NiA1Ljc4OTk1IDEyLjQzNzMgNS44Mzg5M0MxMi4zNTgzIDUuODkgMTIuMjc2OSA1LjkzNzEzIDEyLjE5MzMgNS45ODAxNUMxMi4xMDY2IDYuMDIxNjUgMTIuMDE5OSA2LjA1OTEzIDExLjkzMzMgNi4wOTY2MUMxMS43NTY4IDYuMTY0MDEgMTEuNTc0MSA2LjIxNCAxMS4zODc5IDYuMjQ1ODZDMTEuMjkyNiA2LjI2MjU5IDExLjE5NzkgNi4yNzA2MyAxMS4xMDY2IDYuMjc5MzNDMTEuMDQwNyA2LjI4NDAxIDEwLjk3NDcgNi4yODY2OSAxMC45MDg2IDYuMjg3MzZDMTAuODE0NiA2LjI4NjA2IDEwLjcyMDggNi4yODA0NyAxMC42MjczIDYuMjcwNjNDMTAuNTMyOSA2LjI2MzE5IDEwLjQzOTEgNi4yNDkzMiAxMC4zNDY2IDYuMjI5MTNDMTAuMjUyOSA2LjIxMjA2IDEwLjE2MDUgNi4xODg1OCAxMC4wNyA2LjE1ODg1SDEwLjA2NTNDMTAuMTU2NiA2LjE1MDE1IDEwLjI0NzMgNi4xNDIxMiAxMC4zMzg2IDYuMTI1MzlDMTAuNTI0NyA2LjA5MzAxIDEwLjcwNzMgNi4wNDMwNCAxMC44ODM5IDUuOTc2MTRDMTAuOTc0NiA1Ljk0MjY3IDExLjA2MTMgNS45MDExOCAxMS4xNDM5IDUuODU5NjhDMTEuMjMwNiA1LjgxODE5IDExLjMwOTMgNS43NzI2OCAxMS4zOTE5IDUuNzIzMTVDMTEuNDcwNiA1LjY2OTYgMTEuNTQ4NiA1LjYxNTM5IDExLjYyMzMgNS41NTcxNkMxMS42OTc5IDUuNDk4OTQgMTEuNzY3OSA1LjQzNjY5IDExLjgzMzkgNS4zNzA0M0MxMS45MDM5IDUuMzA4MTkgMTEuOTY1OSA1LjIzNzkxIDEyLjAyNzkgNS4xNjY5N0MxMi4wODk5IDUuMDkyNjggMTIuMTQ3OSA1LjAxNzcyIDEyLjIwMTMgNC45NDM0M0MxMi4yMDk5IDQuOTMwNzEgMTIuMjE4NiA0LjkxMzk4IDEyLjIyNjYgNC45MDE5M0MxMi4yNjc5IDQuODM1IDEyLjMwOTMgNC43Njg3NCAxMi4zNDY2IDQuNzAyNDhDMTIuNDM3NyA0LjUzNzM5IDEyLjUxMjMgNC4zNjM2NCAxMi41NjkzIDQuMTgzNzlDMTIuNTk4NiA0LjA5Njc4IDEyLjYxOTMgNC4wMDU3NSAxMi42Mzk5IDMuOTE0MDZDMTIuNjU2NiAzLjgxOTAyIDEyLjY3MzMgMy43MjggMTIuNjgxMyAzLjYzNjMxQzEyLjY4OTMgMy41NDEyNyAxMi42OTc5IDMuNDQ1NTYgMTIuNjk3OSAzLjM1NDU0QzEyLjY5NzkgMy4yODc2MSAxMi42OTMzIDMuMjIxMzUgMTIuNjg5MyAzLjE1NTA5QzEyLjY4MSAzLjA2MjE4IDEyLjY2OTkgMi45Njk1NSAxMi42NTU5IDIuODc3MzRDMTIuNjM5OSAyLjc4MzgzIDEyLjYxOTQgMi42OTExNCAxMi41OTQ2IDIuNTk5NThDMTIuNTY1MyAyLjUxMjU3IDEyLjUzNjYgMi40MjA4OCAxMi41MDMzIDIuMzMzODdDMTIuNDY5OSAyLjI0Njg3IDEyLjQyOTMgMi4xNTk4NiAxMi4zODc5IDIuMDc2ODdDMTIuMzQxOSAxLjk5Mzg3IDEyLjI5NjYgMS45MTA4OCAxMi4yNDczIDEuODMxOTFDMTIuMTk0NSAxLjc1NDM3IDEyLjEzOTQgMS42Nzg0OCAxMi4wODE5IDEuNjA0MzVDMTIuMDE5OSAxLjUzMzQgMTEuOTU3OSAxLjQ2MjQ2IDExLjg5MTkgMS4zOTIxOEMxMS44NTcyIDEuMzU2NTggMTEuODIxNCAxLjMyMTk4IDExLjc4NDYgMS4yODg0NUMxMS41OTc5IDEuMTQzMjEgMTEuNDA0NiAxLjAwNjY3IDExLjIwOTkgMC44ODIxODdDMTEuMTgzMiAwLjg2NjcwNSAxMS4xNTU2IDAuODUyODQ4IDExLjEyNzMgMC44NDA2OTFDMTEuMDA0NyAwLjc2NTM1MiAxMC44NzI3IDAuNzA2ODI3IDEwLjczNDYgMC42NjY2NzdWMC42NjYwMDdaIiBmaWxsPSJ3aGl0ZSIvPgo8L3N2Zz4K	\N
20	Markdown		\N
21	Shell_session		\N
22	Bash		\N
23	Tsx		\N
24	Jsx		\N
25	Java		\N
26	Csharp		\N
27	Swift		\N
28	Php		\N
29	Ruby		\N
30	Json		\N
31	Sql		\N
32	Scss		\N
33	Mongodb		\N
34	Xml		\N
35	Vue		\N
36	Angular		\N
37	Django		\N
38	Deno		\N
\.


--
-- TOC entry 3482 (class 0 OID 59628)
-- Dependencies: 232
-- Data for Name: article_has_category; Type: TABLE DATA; Schema: public; Owner: yumelio
--

COPY public.article_has_category (id, article_id, category_id) FROM stdin;
10	1	18
11	2	18
12	2	5
13	2	23
14	3	32
15	10	12
16	1	25
17	2	34
18	10	21
19	1	16
\.


--
-- TOC entry 3476 (class 0 OID 59603)
-- Dependencies: 226
-- Data for Name: gb_ticket; Type: TABLE DATA; Schema: public; Owner: yumelio
--

COPY public.gb_ticket (id, content, created_at, user_id) FROM stdin;
1	A ducimus error. Dolores debitis tempora dolor consectetur. Magnam dolor asperiores velit beatae et ullam sint quidem. Quo quae consequuntur velit inventore qui nesciunt adipisci vero. Expedita aut provident assumenda rem nobis dolorum rem ducimus repellendus.\nEt molestias est sed consequatur voluptates eaque sint. Voluptatem eius aut aut eum laboriosam. Impedit dolor animi est eum laudantium.\nCorporis quis quod repudiandae laudantium quasi illo. Sint necessitatibus rerum velit dolores eius quis suscipit assumenda repellat. Itaque ullam vitae tempora quos ex consequatur debitis debitis. Ad eum temporibus est sapiente optio quasi. Est accusamus nesciunt quibusdam quae quasi.\nDolores quia quo ipsa molestias reiciendis autem veniam eligendi totam. Amet eligendi repellat deleniti quibusdam libero omnis porro. Saepe cum a cupiditate sit voluptatem in minima quis sit. Hic atque excepturi.\nLaborum illo et ut. Sed et est et adipisci. Enim iusto qui iusto dolore.\nRerum omnis quam aut reiciendis. Tenetur fugiat occaecati qui deleniti. Voluptas facere animi quis quis expedita molestiae. Minima quia inventore omnis in mollitia dignissimos omnis ipsam. Sit quasi et id sint.	2022-09-02 11:52:41.527825+02	6
2	Cum hic in dolorem molestiae veniam vitae eius reiciendis. Veniam id ut ut cupiditate. Eaque doloribus magni et. Officia et in tempora voluptatem illum temporibus maxime. Ipsum doloribus iste ut.\nEveniet ratione sed officiis molestiae quod amet. Reiciendis ut ipsa autem dicta assumenda odio repellat blanditiis. Vel omnis mollitia nostrum cupiditate.\nDelectus similique ut quia autem ut ut. Sapiente modi ea voluptas omnis. Numquam perferendis voluptatem. Omnis et qui consequatur.\nDolorem consequatur ex aut voluptatem amet rerum nesciunt voluptatem. Eligendi harum aliquam repellendus. Quasi tenetur officiis necessitatibus autem quis labore quibusdam. Praesentium quia ea. Aut inventore debitis quidem tenetur. Sed quod ut assumenda.\nVoluptates est facilis tempora amet est dolores exercitationem enim. Et non quasi voluptas deserunt praesentium. Fugiat voluptatem soluta fugiat. Distinctio quod facilis et aut impedit corrupti ea doloribus ad. Et ut tempora. Tempore corporis laborum rem ipsum nihil placeat consequatur tenetur aliquid.\nIure dolor temporibus saepe ducimus. Harum porro velit eveniet. Veniam voluptas quas porro consequuntur qui totam. Consequatur sed quod et quaerat dolorum odit natus.	2022-09-02 11:52:41.527825+02	1
3	Suscipit ad at accusantium aut quia vero aut dolores rerum. Non repellendus maxime ad iusto minus hic explicabo. Voluptatem dolorem dolor beatae. Deserunt omnis nihil exercitationem ab soluta quidem expedita et et.\nOfficiis eos voluptatem. Delectus veritatis laborum vel odit molestias eveniet sed ipsa. Totam molestiae illum natus et qui recusandae voluptates. Ipsum perspiciatis et porro quia doloribus. Ut rerum occaecati voluptatibus voluptates sequi aperiam nemo. Mollitia omnis illum non aut aut dolor ea possimus vero.\nIllum omnis reprehenderit esse sed aut omnis. Quia necessitatibus placeat ut. Quae omnis qui voluptatem aperiam ut tenetur. Tempora officiis id. Rem sed eaque.\nIusto voluptatem et molestiae ut. Explicabo est illum omnis odit delectus id qui. Tenetur est qui voluptas aliquam fuga ea distinctio nam. Dicta est natus soluta et sed et culpa molestiae saepe.\nNecessitatibus libero eligendi et rerum sit placeat eligendi perferendis. Sapiente labore ea. Recusandae velit voluptas sed impedit suscipit quibusdam omnis veniam. Corporis voluptatem dolore unde aut ullam ut officia dignissimos. Laboriosam iure laborum illo tenetur.\nQuod aut fuga sunt quos perferendis. Voluptatibus nam sequi. Pariatur omnis unde voluptas quaerat cupiditate dignissimos. Iusto voluptatem molestias sint. Molestias amet iusto voluptas consequuntur recusandae tempora.	2022-09-02 11:52:41.527825+02	4
4	Nihil esse atque voluptatem culpa voluptatum reprehenderit numquam molestiae et. In sit voluptas culpa consequuntur impedit vero occaecati tempora. In voluptates atque voluptatum quidem quidem.\nQuia aut voluptas ea facere explicabo quis tenetur et. Sint aliquid qui totam. Dolores rem qui quis. Dolor quia officia et ad.\nIncidunt maxime dolores natus rerum enim rerum quia ipsa. Commodi ipsum sit animi cupiditate unde hic aut. Repudiandae aut temporibus vitae ut dolores minima odio. Provident magnam fuga vitae ad atque dolorem. Sapiente quo enim maxime eos molestias ut et animi.\nFuga eveniet esse quidem sit. Voluptas aliquam quas voluptas asperiores nam voluptas ut. Atque consequatur vitae.\nOccaecati voluptatem atque consequatur qui qui voluptatem et eum. Cumque quas eligendi id esse dolores blanditiis. Nemo enim nesciunt quia unde explicabo sit nisi illo. Perferendis quia voluptas laudantium illo sit quam aut magnam. Quae esse dicta eum repudiandae quis aspernatur possimus tempore id. Atque similique officia.\nEt molestias ad. Accusamus laboriosam autem est. Officiis sed est excepturi autem. Quod quis reprehenderit eos qui nemo temporibus nesciunt aperiam id. Rerum animi fugit delectus est esse.	2022-09-02 11:52:41.527825+02	3
5	Dolor reprehenderit omnis molestiae sint quas. Molestias debitis dolore nulla fuga enim autem quas inventore autem. Dicta praesentium quisquam eum. Aut et sed qui qui ea molestiae et libero. Quia iusto deserunt inventore consequatur et deleniti dignissimos aut dolorem. Non natus libero eius voluptatem nostrum natus.\nAut eligendi sit. Voluptates debitis rerum dolor ab quod libero nam. Est officia consequatur animi quia dolor voluptas fuga. Sit vero molestiae quia cum voluptatibus atque minus.\nIste sed libero consequatur repudiandae. Animi laboriosam numquam perferendis commodi soluta dolor ad rerum. Repellat libero ipsam nam nesciunt consectetur adipisci et corrupti. Laboriosam deleniti ut dolorum.\nAliquam sunt dolorem. Est et sit recusandae fuga ut. Ullam illo ea amet est ullam earum. Et temporibus at et quidem fugit molestiae et. Aut ut dolores soluta et fugiat. Non delectus qui voluptatem nisi consequatur ut est animi.\nExcepturi architecto molestias. Doloribus minus nobis voluptatem reiciendis quasi animi soluta voluptas nihil. Consequatur dignissimos magni vel quidem dicta voluptatibus ex natus.\nCumque ipsum et aperiam earum. Explicabo laborum atque. Voluptatem eveniet aut ex quas enim iusto debitis aut et.	2022-09-02 11:52:41.527825+02	3
6	Sunt sit exercitationem libero et autem. Autem adipisci illo eveniet animi vitae eius excepturi dolorum. Quia molestiae eum dicta et culpa blanditiis est in perspiciatis.\nTotam quo officia voluptatibus. Reprehenderit dolores mollitia deserunt neque aspernatur. Ducimus hic non blanditiis architecto. Enim sit doloribus cumque eius consequatur iste quibusdam voluptate. Reiciendis quo accusamus molestiae a.\nAssumenda sint aliquam voluptatem placeat velit. Placeat natus quia facilis. Omnis quo fuga voluptates id vitae reprehenderit sunt omnis. Eaque cumque dolorem nisi ipsam unde optio.\nVeniam reiciendis unde sapiente est saepe quibusdam nemo. Voluptates aut reprehenderit. A est eos ullam aut. Recusandae quo sapiente qui nihil nemo corrupti ut assumenda temporibus.\nQuaerat ut accusamus dolores ut mollitia. Magni rem et qui. Eaque sunt nihil. Magnam at mollitia accusantium sit quo aut quae aut amet.\nSit minus aut sit doloremque sint cupiditate. Et cumque alias quo voluptas. Repudiandae nisi qui soluta rerum. Incidunt officiis voluptate iure totam assumenda.	2022-09-02 11:52:41.527825+02	4
7	Et non qui. Expedita rem eaque possimus illum a quia odit dolor mollitia. Est necessitatibus sed molestias quod ea velit ipsa. Dolorem laudantium pariatur rerum. Dicta qui sint omnis. Ut veritatis et aut incidunt eos voluptatem eius aut numquam.\nVelit dolor tempore reiciendis voluptatem et dolores. Ut eum blanditiis et earum. Autem vero et sit sunt assumenda iure. Laborum ad non est.\nExercitationem dolores praesentium soluta officia quis aut aliquid. Repellendus ut distinctio aut incidunt dolor voluptatem ullam doloribus ut. Quasi voluptas error. Fuga corporis qui molestiae sunt quam. Veritatis aut incidunt fuga et illo. Alias dicta placeat modi ut velit nobis sed beatae numquam.\nAutem minima ea sed voluptas. Iusto temporibus maiores. Asperiores voluptatem illum et. Nihil dolorem est quis asperiores iusto exercitationem. Quae quae explicabo sint soluta laudantium minima.\nTotam omnis unde et perferendis. Iusto est iusto dolor. Harum dolor quae excepturi fuga. Quae omnis est fugiat laboriosam illum vel. Qui nam dolore quis. Ducimus aliquid sit consequuntur corrupti iure.\nEsse et sapiente dolor eos ab iusto error. Dicta qui perspiciatis veniam. Qui vel laboriosam sed qui qui.	2022-09-02 11:52:41.527825+02	6
8	Debitis quo odio vitae at. Repudiandae est omnis veniam culpa. Omnis voluptatem nemo amet ad est amet voluptas qui nostrum. Minus nisi sit maiores in quos corporis sed. Voluptatibus voluptas voluptas quos pariatur et aut necessitatibus itaque.\nRerum eos iusto et accusantium quos. Harum ipsa repudiandae. Voluptatem velit est harum quibusdam. Cupiditate perspiciatis est aut voluptas aperiam assumenda vel odit nihil. Reprehenderit itaque nam quia.\nVoluptatem atque iure explicabo consequuntur est tempora velit voluptas et. Non qui dicta culpa dolorem enim. Et architecto deserunt sed ea saepe quis temporibus similique.\nEt et suscipit molestiae doloribus perferendis et quam nemo quam. Ut est odio nihil. Aliquid repudiandae repudiandae temporibus est quis veniam. Eum animi dolores aut delectus quidem. Nesciunt explicabo debitis architecto et molestiae debitis nemo.\nSaepe odio eaque dolore aut ea autem aut. Asperiores aut nihil fuga. Corporis est quibusdam aperiam magni voluptas error quia et.\nMollitia et fuga sit incidunt voluptatem. Exercitationem porro et harum neque facere vero voluptatibus expedita. Reiciendis iusto voluptatem accusamus nihil ut exercitationem optio voluptates dolores.	2022-09-02 11:52:41.527825+02	1
9	Laboriosam iure et aut. Perferendis sunt aut quaerat adipisci aut optio quisquam nemo reprehenderit. Ipsam ipsam quos fugit quia laudantium dolores sint. Repudiandae quia possimus. Dolore iusto perferendis exercitationem beatae architecto quaerat sequi. Tenetur excepturi libero ut facilis dolorum iste ex distinctio sunt.\nEt sed vitae incidunt quia qui magnam reiciendis sed qui. Qui ut velit blanditiis. Eum corrupti ea aliquid dolores.\nMolestiae aut ea et et magnam voluptatum. Incidunt eum commodi libero quia totam in nobis. Omnis id velit earum sapiente ipsa provident molestiae et laborum. Nesciunt blanditiis corrupti officia. Maxime eveniet aliquid dicta. Voluptatem voluptatem ad labore praesentium aut.\nPossimus sapiente dolor earum quas nihil alias ab. Pariatur autem quasi ratione et eos voluptas nihil. Aperiam laudantium omnis dolorem repellendus. Dolore aspernatur dicta quia iure odio laboriosam occaecati dolor. Animi quis ipsam id est maxime cupiditate placeat ullam corrupti.\nUllam hic reprehenderit quisquam. Corporis ut dolorem accusamus rerum. Incidunt et quibusdam qui deserunt sunt a.\nDolore velit officiis rerum magni at. Hic sit quasi sit et rerum at alias laudantium pariatur. Et eligendi sit et quis ea labore porro. Vero dolores enim officiis non soluta minima odit. Similique omnis et assumenda.	2022-09-02 11:52:41.527825+02	3
10	Aut qui vero nesciunt fugit esse itaque quasi. Et velit itaque possimus voluptatibus deserunt veritatis nemo cupiditate. Sapiente dolor dolorem sed. Ad eos a quia. Cupiditate iusto et accusamus dolores blanditiis voluptatem iure. Vel laudantium est molestiae aut dolores accusamus.\nNihil voluptatum perspiciatis laborum. Eos nobis rerum qui hic. Aliquam tempora qui quo earum.\nEos alias et eos dignissimos non ullam. Pariatur esse et explicabo suscipit unde sed sequi et. Amet itaque esse.\nAd rerum rerum rerum et. Vero et temporibus sed et autem eaque iusto ullam quibusdam. Aspernatur enim porro magnam rerum sapiente harum.\nVoluptatum et vero. Nihil et provident perferendis voluptas quasi dolore enim corrupti sequi. Dolorem aut porro id repellat.\nQuas et corrupti. Aliquid est ducimus pariatur. Rem ea dicta quis vitae molestiae commodi exercitationem harum. Illo velit repudiandae blanditiis.	2022-09-02 11:52:41.527825+02	8
\.


--
-- TOC entry 3474 (class 0 OID 59594)
-- Dependencies: 224
-- Data for Name: project; Type: TABLE DATA; Schema: public; Owner: yumelio
--

COPY public.project (id, title, abstract, content, picture, is_active, date, user_id, link) FROM stdin;
1	Et earum molestiae et iusto.	Nisi fuga aut quae reprehenderit vitae unde quis et. Sit et tempore quis ipsam eum ratione. Dolores nisi illo. Qui autem nulla sed quibusdam.\nAut cupiditate animi autem architecto totam ipsam. Quia quis unde cum numquam doloribus optio dicta non possimus. Sed rerum aliquam quibusdam quisquam rerum nostrum repellendus recusandae. Pariatur quis facilis fugit deleniti veniam.	Amet sit iste quia aut consequatur voluptatem deleniti consectetur accusantium. Dolorum id aut nobis. Totam laudantium voluptas velit autem a voluptas numquam quasi. Ut odio illum est ipsa aut. Quibusdam magnam illo officia molestias nihil eos et commodi.\nFugit sit fugiat sapiente quo alias ab sed et. Aliquam dolorem dolorem rerum sed porro consectetur consequatur et. Eligendi ullam rem maiores. Vel ullam omnis.\nTemporibus voluptatibus adipisci voluptatum vitae facere enim dolorem expedita. Incidunt aut explicabo quo modi rem repudiandae. In facere autem distinctio voluptatem qui. Iusto nesciunt quaerat reprehenderit id fugit consequatur quo officiis.\nItaque cum quisquam perferendis quos et. Perferendis et hic minima. Et totam nemo. Nulla dolore sit ea qui cumque eaque quos ut et. Quia in provident dicta dolor autem iure. Minus non laudantium ullam consequatur nobis incidunt.\nSint qui alias soluta natus. Aspernatur assumenda numquam. Cumque facere neque quisquam deserunt ducimus provident corrupti provident.\nEt et iure consequatur alias animi reiciendis labore nostrum. Similique ducimus perspiciatis. Ut commodi aut accusantium reiciendis qui repellat. Aut sunt alias exercitationem et. Debitis ullam commodi nisi et non aut voluptas ipsa.\nConsectetur earum excepturi. Natus autem explicabo officia accusamus. Vero quod ad rerum libero distinctio consequatur nam soluta. Necessitatibus voluptas aut mollitia. Quae dolores vel ea voluptas ut nesciunt doloremque commodi in. Facilis ea sed ad qui dignissimos et.\nIusto facere fugiat harum. Et occaecati enim explicabo dolorem quo beatae. Quia non esse est. Eos corrupti magnam provident quam aut. Voluptatem sit sint aut impedit perferendis. Quasi ea iusto consequatur velit rerum est harum.\nEnim dolores magni id repellendus quas ea non soluta incidunt. Eum dolore sed nihil et est. Voluptatem fugiat et in debitis ratione quos voluptatem quo in. Perferendis quis nesciunt inventore et.\nCum rerum ullam expedita voluptatem magni quos tempora error. Dolorum dolore iste doloremque aut excepturi rem eum aspernatur incidunt. Provident numquam necessitatibus adipisci alias qui. Quo sint maiores. Explicabo sint dolores voluptas illum reiciendis. Magni est commodi ex nobis quia laborum accusamus nobis quisquam.	https://squiggly-personal.info	t	Fri Sep 02 2022 11:52:33 GMT+0200 (heure dt dEurope centrale)	9	http://courageous-leap.info
2	Voluptas repellendus soluta tempore autem.	Architecto explicabo nostrum id dignissimos. Reiciendis laborum consequatur. Dolor quia eos voluptas voluptates commodi omnis et itaque vel. Nesciunt ea sunt. Rerum at aperiam. Odio praesentium dolorem et temporibus.\nEx nihil assumenda doloremque. Voluptatibus rerum nisi repellat id sunt tempore quo magni sit. Voluptatem commodi autem quibusdam id commodi sint. Ut iure maxime repellat magni velit. Ut non rem quisquam nihil cum et id quas. Quia qui officia magnam rerum sapiente id.	Dolores tempore sit reprehenderit nulla deleniti qui sequi. Explicabo nobis similique autem quos a ut unde. Saepe sunt et. Eius et nam qui aliquam et. Facilis ipsa omnis sapiente cumque consectetur iure voluptatem qui aut. Asperiores consectetur saepe.\nNesciunt dolor consequatur aliquam voluptatibus optio reiciendis iusto. Blanditiis enim amet ratione iure dolores aut. Ratione cumque dicta fugiat dolores.\nNihil omnis omnis velit aut voluptatem accusamus. Officiis ab amet. Animi qui dolorum sunt earum commodi. Voluptatem reiciendis maxime quidem aut repellendus magni.\nIusto rerum assumenda at eos. Magni est ut. Ut est cupiditate deserunt similique numquam quidem. Ut ex at.\nEa ut modi est excepturi accusantium quo repudiandae quis doloremque. Maiores tempore corporis cum numquam rem cupiditate illum. Ratione labore est ab eius.\nEst dolores enim dolorem qui at aliquam sed. Et ratione nihil suscipit. Perferendis qui laboriosam iure aliquam magnam possimus ipsa ut. Neque dolores quo. Cum ut modi nisi.\nPerferendis est similique distinctio in ad omnis non porro. Similique voluptatem ea. Reiciendis consequatur incidunt sunt recusandae minima adipisci quia tempora. Voluptatem non aut. Harum ea reiciendis non. Omnis assumenda dolor ratione.\nSit doloremque magni itaque. Nesciunt officia eos ducimus dignissimos accusamus minima libero sit doloribus. Voluptatem aut sit et minima maiores voluptatem rerum cum et. Incidunt possimus reprehenderit dolor ipsum est reprehenderit aut similique. Dolorem vero officiis nisi ipsam exercitationem facilis odio. Eius architecto illum.\nDolores voluptas corrupti. Ut enim ea cum doloribus numquam placeat exercitationem. Tenetur laboriosam sit corrupti.\nAutem aliquid natus culpa consequatur deserunt minima commodi a nam. Atque voluptatum iusto rerum. Iure dicta totam. Rerum ab rerum et laudantium ducimus in qui nemo. Corporis pariatur laudantium est distinctio et fugiat sequi. Rerum ratione quia voluptates.	https://wee-spur.org	t	Fri Sep 02 2022 11:52:33 GMT+0200 (heure dt dEurope centrale)	6	http://earnest-expectancy.biz
3	Aut modi aut aut aliquid.	Neque doloribus sit. Voluptates pariatur unde. Consectetur assumenda enim suscipit provident itaque.\nVoluptate eos nostrum repudiandae quisquam odio consequatur provident. Velit in nesciunt natus sequi amet officiis. Magni ad quia consequatur sint ut dolor. Dolorum accusamus magni.	Qui eveniet et voluptates facere minus ullam. Necessitatibus quia corrupti enim ab ipsa delectus iusto voluptatem quia. Vitae ducimus laboriosam nemo asperiores voluptate consequatur molestiae quae saepe. Est ab beatae totam. Laudantium quo consequuntur beatae voluptates quam rem et reprehenderit. Delectus ad et.\nEt labore placeat id. Nihil expedita sit accusantium similique. Et illo error quia minus in eum vel consequatur.\nArchitecto alias quidem libero accusantium ea ipsam quia magnam. Et deserunt qui voluptas molestiae. Aut quibusdam iste atque ratione voluptas modi eum eos sapiente. Non qui provident cumque quaerat exercitationem et temporibus. Voluptatem a sapiente libero cupiditate quia illo blanditiis doloremque.\nIn molestiae dolor. Qui animi natus voluptas eum suscipit assumenda provident voluptatum qui. Minima cupiditate non officiis sed veniam ad quo officiis suscipit.\nNon dolorem maiores. Est aliquid dolorum voluptas aspernatur optio rerum dolores expedita. Facere odio totam ut quia atque et nihil laudantium neque. Sunt qui ex voluptatum aut tempore animi repellendus in. Quo incidunt natus velit.\nRerum exercitationem aut qui autem ut. Sequi veniam qui hic nisi mollitia ea dolores porro vitae. Aut architecto rerum velit. Excepturi sunt ab placeat et sit. Sed recusandae perferendis dicta aspernatur libero sit.\nNatus veniam quia natus rerum itaque facere quae deleniti. Sequi quo veritatis aperiam debitis id magni sint nobis delectus. Reprehenderit nihil dolor harum non qui. Sit autem hic optio debitis et voluptatem.\nQuia praesentium aut. Voluptas illo praesentium sit quo ut. Harum ratione ipsa velit occaecati eaque iure repellendus voluptate. Blanditiis eaque dolor.\nLibero sit totam consequuntur deleniti quas. Aperiam ipsam libero quia assumenda repellendus voluptates repellendus atque eligendi. Porro aperiam asperiores doloribus eveniet aut. Ducimus ut qui recusandae doloribus est. Ipsam et occaecati voluptatem magni qui et debitis porro.\nHic voluptas perferendis inventore laboriosam modi delectus voluptas iure consectetur. Molestiae qui maiores voluptatem reiciendis. Nisi voluptatibus iusto in et blanditiis molestiae tempore nisi harum. Sunt cupiditate officia. Perferendis quo et et esse asperiores corrupti odit voluptate optio.	http://assured-quarter.biz	t	Fri Sep 02 2022 11:52:33 GMT+0200 (heure dt dEurope centrale)	1	http://sick-cutover.net
4	Rerum exercitationem optio quo laborum.	Laboriosam nihil sit ratione blanditiis consectetur eum quam minus fuga. Quae sed omnis autem autem quae nihil laudantium accusamus. Et voluptatem nobis expedita fuga iusto consequatur. Dolor quis veritatis nostrum libero non. Magni sunt fuga qui atque. Rerum natus voluptatem aut quibusdam atque quasi non voluptates ut.\nConsequatur commodi perferendis magni harum. Aliquid qui omnis architecto dolor quam non. Qui veritatis iusto.	Quia necessitatibus voluptas saepe in velit rerum. Aspernatur quia labore magni. Cupiditate exercitationem atque ut harum ut inventore et eum. Voluptas eum deleniti quibusdam quia porro. Accusantium ab blanditiis nulla nam hic occaecati.\nLaudantium non facilis officiis consequatur. Quis nostrum in. Explicabo nostrum debitis eum rem ipsa error quos doloribus possimus. Sit possimus quo quisquam ullam. Perspiciatis excepturi id qui suscipit ut deleniti blanditiis sit.\nSed minus mollitia iure eum perferendis quaerat odio. Sunt cupiditate nisi qui a molestiae aperiam qui. Minima ut est et aliquid eos quia illum itaque nulla. Dicta libero voluptatibus quas.\nVitae iusto distinctio incidunt perferendis et. Fugit sint esse nam facilis odit sequi rerum consequuntur. Aliquam perferendis ipsum ipsam rerum.\nEum explicabo cum pariatur dicta. Velit voluptatem aut et in accusamus. Aspernatur deserunt eveniet aut animi.\nTotam omnis odio sed est qui. Perspiciatis nostrum neque quibusdam. Quo excepturi quis delectus. Repellendus labore veritatis fugit.\nPlaceat iste dolor architecto velit doloremque et. Et amet ut est aut ea. Ut voluptas qui pariatur. Dolorum eos sed. Voluptas distinctio a velit.\nVoluptatem qui dolor inventore. Amet amet amet qui placeat saepe mollitia numquam ut dolores. Perferendis itaque minus autem quos perspiciatis alias nostrum illum. Numquam ea corrupti dolore quam similique accusamus perspiciatis. Cum qui nihil blanditiis velit rem voluptas perferendis voluptatem nam. Impedit eum praesentium dolorum.\nInventore perspiciatis laboriosam a. Quis sapiente non sed accusantium pariatur quidem ipsa reprehenderit. Et praesentium ut molestiae.\nAssumenda dolorum odit repellendus doloremque rerum. Occaecati necessitatibus nobis. Perspiciatis suscipit impedit modi eaque dolorum quod nam molestias tempora. Est numquam facere rem id. Quis id saepe molestias in quis neque provident.	http://squeaky-toreador.name	t	Fri Sep 02 2022 11:52:33 GMT+0200 (heure dt dEurope centrale)	4	http://improbable-gynaecology.net
5	Hic aut repellat non accusantium.	Architecto velit aspernatur enim. Qui maxime quaerat ullam tenetur nesciunt vel vel est debitis. Earum ratione quam quibusdam omnis ullam consectetur. Pariatur adipisci sed asperiores maxime veritatis ut ab cum.\nEsse amet atque rerum qui voluptatem id laboriosam. Excepturi voluptas nam animi aut omnis officiis neque neque. In enim quia commodi non sit voluptatem animi recusandae maxime. Fugiat ipsam recusandae excepturi quia ipsam tenetur.	At ut totam laboriosam reprehenderit temporibus voluptatibus. Ut fugit sapiente debitis eum quia sed officia nesciunt. Ipsum perspiciatis non qui soluta. Eum et rem rerum.\nModi aut in omnis ut. Libero enim soluta harum commodi nesciunt numquam iure distinctio. Dolore eos totam consequuntur quibusdam aut aliquam. Veniam saepe sint.\nNon ut repellendus placeat ex et numquam est facilis hic. Aut ea porro voluptates vel tempore quae id et molestiae. Aperiam sequi ut accusamus nisi esse numquam ut dolores sit. Quidem assumenda at ducimus dolorem quidem dolorem laboriosam.\nAut quis enim omnis enim qui. Aperiam voluptas quas beatae voluptates aspernatur aspernatur quaerat. Natus quam modi. Eum fuga magnam possimus autem.\nVoluptatem dolorem ullam voluptatem. Illo non non quia. Et voluptatibus nostrum minus quia ea possimus aspernatur delectus ducimus. Dolorum harum sed odit facere laborum. In et quia velit autem quasi.\nNatus consectetur magnam dolore et. Et consequatur fugiat reprehenderit. Quod at occaecati earum ipsum quidem. Doloribus cupiditate sunt aliquam. Ipsa unde illum assumenda perspiciatis quia qui et officiis omnis. Et nostrum esse magnam facilis assumenda id sequi.\nSed voluptatibus iste veritatis enim laborum. Molestias placeat voluptas quidem iure quia eveniet. Earum accusamus aut voluptatibus sequi. Consequatur ipsum expedita quia consequatur libero quisquam consequatur. Repellendus earum repellat.\nDebitis aspernatur consequuntur minima ea sit possimus molestias quis. Consectetur eos quia provident. Ut omnis qui natus voluptatibus et illo voluptatem. Illo ipsa ullam et. Error minima et quo tenetur.\nIure blanditiis ducimus architecto. Nemo est voluptatum est. Officiis non et quo qui temporibus nulla iusto tempore beatae. Omnis harum ad. Libero dolor tempora. Quaerat voluptas velit ipsam vel itaque veritatis enim perspiciatis.\nQuasi tenetur similique est sed dolorem veritatis. Voluptas omnis rerum hic deleniti labore non enim. Id non id et aut.	http://scornful-disposal.name	t	Fri Sep 02 2022 11:52:33 GMT+0200 (heure dt dEurope centrale)	6	https://considerate-fanny-pack.biz
6	Et suscipit quod eos repellendus.	Tempore omnis illo nostrum quia illum quia repudiandae incidunt ducimus. Nulla qui et nisi neque voluptatem. Quis nesciunt quidem dolor nulla est. Repellat neque ipsa dolores placeat sint voluptatem delectus. Et dolorem rerum accusantium voluptatum molestiae voluptas. Vel consequatur voluptatem.\nNon a vel quas. Est magnam velit ut voluptatem maiores totam cumque harum. Beatae dolorem a fuga et blanditiis laborum.	Iure omnis repudiandae neque est quasi. Voluptas ratione voluptatem id repudiandae recusandae. Rerum est qui ducimus sed totam esse eum omnis. Possimus asperiores rerum occaecati aliquid minima culpa voluptatem.\nOccaecati voluptas quae sint maxime. Quis aut similique recusandae eveniet velit laborum quae. Aliquid tempora rerum quo expedita explicabo.\nSaepe error vero molestias aperiam. Vitae amet et praesentium at laborum. Quis earum totam. Nisi ipsam sit aliquid consequatur. Sunt qui delectus quae.\nModi sunt cum tenetur ut voluptas adipisci suscipit consequatur. Laboriosam repellendus eos veniam iusto animi quae dolor. Voluptas ut est officiis sint ipsum voluptatibus voluptatem totam. Est exercitationem perferendis velit dolorem omnis. Deleniti soluta et dicta.\nEt qui mollitia. Natus consequuntur minus aliquam sunt occaecati porro ut suscipit. Fuga nostrum amet omnis delectus. Sit ipsam hic natus qui numquam. Sequi nostrum autem incidunt natus. Consequatur aut illum.\nQuaerat est recusandae quo amet quas est dolor ducimus. Quia dicta sunt vitae necessitatibus unde et. Nulla quia molestias alias. Aut asperiores quaerat sint voluptate debitis. Ea aut occaecati iste eum omnis.\nMinus laudantium consectetur corrupti vel voluptas esse sunt. Numquam sunt expedita voluptates provident explicabo voluptas aut sapiente ut. Consequatur et consequuntur rerum. Vel omnis culpa exercitationem et non error. Voluptas aut vitae id delectus voluptatem aut molestiae saepe nobis.\nEt vel quas voluptatum nam fuga pariatur. Ullam delectus est quae numquam. Quia itaque neque mollitia temporibus. Dolorem quia possimus.\nSequi accusamus saepe omnis minus est voluptas. Eius dolorum quia ullam sapiente accusamus. Accusamus et et asperiores pariatur recusandae maxime consequuntur atque. Minima error modi sunt qui eos ex.\nEaque consectetur laborum. Ducimus et aut aliquid est consequatur numquam. Aut inventore laudantium voluptatem repellat ut reprehenderit exercitationem dicta. Non est fugiat molestias et fugit omnis et. Et autem nemo.	http://lone-address.com	t	Fri Sep 02 2022 11:52:33 GMT+0200 (heure dt dEurope centrale)	10	http://first-lollipop.net
7	Minus debitis omnis enim sint.	Unde repellendus ipsa aspernatur vel. Aliquid natus necessitatibus et reprehenderit iusto in quidem impedit. Dolores et beatae itaque impedit explicabo. Et est laudantium.\nPossimus soluta ratione assumenda modi cupiditate. Nemo et aut sed libero velit et sint dolorum. Consectetur veniam id eos aut adipisci eveniet eum est.	Laborum eius est qui a velit quaerat nihil vero dignissimos. Accusamus et expedita. Dolore repellat consequuntur quia. Deserunt exercitationem ut ad. Doloremque nostrum ut.\nAccusamus aut tempora deserunt et. Neque amet consectetur et sint accusamus. Dolor excepturi unde beatae cum beatae quibusdam ipsum voluptatem blanditiis.\nImpedit ullam facere rerum voluptatem. Aut asperiores dolorem eveniet facilis rem debitis. Error voluptatem qui vitae et rem libero quae. Velit quis atque hic. Saepe molestias aliquam est vero non magnam qui assumenda. Sit quam occaecati neque et et eaque.\nConsequatur doloribus vel a accusantium quas. Sunt est aut non. Rem sed sed rerum explicabo est officia.\nTotam sunt tempora perferendis eos sunt. Enim in quo voluptas id ipsam occaecati. Voluptatem modi sed recusandae. Pariatur quisquam magni quas consequatur quia sint blanditiis.\nVoluptates dignissimos distinctio consequatur ipsam. Iure est qui atque facere praesentium sunt officiis laboriosam. Id velit sed. Porro eius voluptatem quia maiores. Rerum aut eius quis aut ipsa ut.\nDicta rerum architecto. Id enim eligendi praesentium quisquam amet. Iure quia asperiores sunt enim maiores.\nNostrum ut eos reprehenderit minus est. Quasi ab quia maiores sunt libero delectus. Molestiae dolores quis dolorum voluptatem. Nemo pariatur enim et ipsum. Ut rerum eos explicabo provident consequuntur vitae eaque fugit tempore. Est qui porro magni voluptatibus repellendus nostrum accusamus perferendis.\nLaboriosam eius incidunt aperiam et voluptas. Temporibus doloremque nesciunt quae perferendis laboriosam id. Debitis quidem quam ducimus cumque. Sed laudantium minus laboriosam facilis quos quia.\nNam ut quaerat rerum perferendis doloribus qui iste dolorem est. Nam cum qui nobis dolorum quis nihil. Et delectus voluptate minus. Aut sit enim a provident omnis a dolor quisquam.	http://informal-hexagon.com	t	Fri Sep 02 2022 11:52:33 GMT+0200 (heure dt dEurope centrale)	9	https://sunny-faculty.info
8	Est voluptatem facere aut ut.	Veniam quis vel. Eligendi nesciunt dignissimos id possimus earum omnis. Temporibus fugiat rerum rerum atque occaecati temporibus consequatur vel. Praesentium aut aut et esse consequatur laboriosam quo.\nTenetur sunt repellat sed ut ut nam. Architecto repellat consectetur debitis et optio corrupti. Dolor qui incidunt qui dolores nostrum sit. Ex ea et itaque eveniet amet eos iusto et.	Atque doloribus sint maiores autem ut est ut eveniet. Et id quis sit natus doloremque quibusdam et praesentium rerum. A tenetur tempore quae sit omnis.\nA beatae nesciunt non commodi. Unde cupiditate qui sunt impedit autem nobis. Sit magnam ea cumque nulla blanditiis est velit qui accusantium. Ab eum aut hic consequatur aut sapiente.\nVeritatis est commodi pariatur ut et iure vel aliquam. Ad autem sapiente animi nostrum ullam temporibus incidunt. Eos repellendus ut quo sed praesentium blanditiis perspiciatis. Nesciunt quia facere aperiam eveniet magnam cumque. Non omnis et.\nTotam consequatur eius nobis. Dolor placeat qui necessitatibus omnis commodi. Ut repellat corrupti qui qui. Excepturi perferendis eos impedit quasi sunt repellendus repellat harum alias.\nAutem id qui. Voluptas est et quis officia possimus. Consequatur excepturi illum. Totam aut velit et.\nEos ab incidunt consequatur sed. Quos sed qui ipsam et est eius ipsa aliquid ut. Odit eius consectetur qui minima modi porro autem.\nRatione dignissimos nam sit omnis non. Odit placeat exercitationem necessitatibus repellendus soluta voluptatem officiis. Eaque nobis aperiam quo non rerum. Odio alias sed consequatur nemo porro. Aut quasi quia molestiae totam repellat aut impedit. Reiciendis doloremque est adipisci odit.\nSint eum facere sapiente sit tempora. Consectetur sed porro nemo quidem. Dolores commodi deserunt doloribus nesciunt asperiores.\nFugit explicabo in laudantium. Et consequuntur veritatis est dicta. Autem eligendi aut non. Omnis eligendi labore distinctio in maiores praesentium.\nVeritatis deserunt sunt est fugit minima. Voluptatum et tempore aut voluptas consequuntur ut. Cumque occaecati accusamus asperiores tempore debitis nostrum corporis eius impedit. Distinctio consequatur fuga. Eligendi dolorum ullam saepe ab minus ipsam optio libero.	http://sour-tan.net	t	Fri Sep 02 2022 11:52:33 GMT+0200 (heure dt dEurope centrale)	5	https://common-procurement.biz
9	Est qui eveniet voluptate et.	Cupiditate perferendis totam voluptatum quia in quae et est. Qui culpa voluptatibus est voluptatem repellat voluptatum. Est ea quisquam ea quidem.\nIpsum ad qui et hic fuga. Quod aut ea similique tenetur aut adipisci. Quidem non incidunt eligendi vero odit. Dicta repellendus eum qui et a exercitationem eveniet.	Eum beatae optio quae iste. Qui ut veniam corporis autem et officiis quos adipisci nobis. Alias eius aut minus enim.\nIure quis ullam officia quisquam nesciunt exercitationem eaque nemo enim. Sit quis rerum iste animi. Fugiat suscipit delectus modi ab. Omnis ut dicta. Quod qui reiciendis tempora sed quia quas odit. Omnis sunt illum et quia minima debitis id animi earum.\nAut voluptatem est nesciunt qui iusto nam. Suscipit hic et molestiae. Perferendis aperiam ipsum modi nulla dicta omnis perspiciatis et. Labore quibusdam velit. Laborum non qui sit dolorem quas voluptatem cumque.\nQuasi libero fugit. Tempore laboriosam iste similique iure et rerum perferendis. Vitae culpa recusandae. Sequi ipsum qui nam quia tempore ut quasi omnis soluta. Consequuntur et rerum excepturi nihil doloribus quis explicabo in. Totam exercitationem aut expedita sapiente saepe blanditiis facere.\nNihil quae dolores minus. Unde voluptas dolorem beatae veniam quisquam itaque sapiente similique. Aut sed veniam quibusdam.\nSint quia tenetur consequatur eos. Vitae consequuntur distinctio magni earum voluptatem iste dolorem. Fugiat quia dolorem est eum esse magnam voluptas ut quas. Consequatur possimus ut. Sit accusamus neque est voluptas sapiente tempora.\nDolorem et odit vel. Qui aliquid sequi. At at delectus id dicta nihil recusandae blanditiis.\nModi suscipit quo. Tempore accusantium vel voluptates dolorum aut totam et consectetur. Eaque minima veritatis voluptatibus. Totam totam consequatur qui aut in commodi corporis aut.\nVel vero recusandae id commodi iusto. Eos delectus iusto quo. Quia ut nihil.\nAd hic odit cum at. Voluptates fuga culpa quis modi vero voluptatem. Qui reprehenderit ex. Voluptatem consequatur et nam quas aut.	https://trim-chicory.info	t	Fri Sep 02 2022 11:52:33 GMT+0200 (heure dt dEurope centrale)	10	http://ready-polenta.com
10	Sed natus et facere atque.	Qui sed sint iste odit corporis autem laudantium. Consequuntur voluptatum magni molestiae laboriosam. Nihil incidunt ut officiis in. Quam ea recusandae id fugiat veritatis. Nisi voluptas cumque iste quia facilis ut. Nobis in voluptatum ducimus.\nMaxime rerum amet eius. Dolores architecto est non soluta enim. Suscipit et veritatis accusamus.	Vel odit eos nihil dicta dicta iste provident. Ratione voluptas rem sed vel laborum aut. Soluta neque perspiciatis quaerat omnis iusto. Quibusdam officiis saepe repellat voluptas commodi id.\nVoluptates expedita voluptates laborum omnis maiores. Molestiae et pariatur ratione exercitationem qui eum rerum quisquam odio. Possimus blanditiis saepe rerum et eligendi. Expedita laborum assumenda sint. Omnis dicta facere consequatur illum. Nobis blanditiis deserunt saepe quam veniam fugiat cupiditate asperiores commodi.\nPariatur rerum autem molestiae aut et corporis repudiandae aperiam. Cupiditate ut sunt. Pariatur et aut minima ex laudantium. Maxime sequi omnis tempore tempore quod. Dolores sunt dolor qui. Earum in sapiente consectetur ut.\nTemporibus quia doloremque consequatur dicta aut autem. Ad dolorem aperiam voluptatum nostrum voluptatem illo inventore. Fugit impedit et veniam repudiandae ipsa.\nExplicabo ea nisi aut. Amet aut dolore aspernatur. Dolorum amet et quibusdam sit totam aspernatur at quo sed. Et quo nostrum. Veritatis incidunt aliquam animi nihil sit illo.\nAut culpa aliquid commodi est voluptatem ducimus quo. Ea ut est iure. Et tenetur numquam qui rem omnis odit. Voluptas libero cum necessitatibus suscipit consequatur. Voluptatem vel nisi.\nCulpa quo id unde. Ab non exercitationem vitae dolorem nisi eius nulla aspernatur. Non vero distinctio iste deserunt tempora aliquid. Illum error eveniet. Quisquam a iure.\nModi consequatur et. Explicabo alias ab. Aut quam sed ut velit dolorem vero. Non ut qui enim sit. Quia voluptas et voluptas adipisci est quia sed quos fugit. At enim quo eligendi harum.\nUt laudantium hic. Tempore sit eos. Dolore ab at dolorem mollitia eum. Quis rem cum commodi id et sit nihil.\nAut voluptas totam consequatur provident eveniet fuga ex provident quis. Eveniet ut minus eos laboriosam sint consectetur. Ut ab et sit reprehenderit repudiandae rerum. Enim beatae deserunt non.	https://decisive-sick.biz	t	Fri Sep 02 2022 11:52:33 GMT+0200 (heure dt dEurope centrale)	9	http://pushy-oven.biz
\.


--
-- TOC entry 3480 (class 0 OID 59620)
-- Dependencies: 230
-- Data for Name: project_has_category; Type: TABLE DATA; Schema: public; Owner: yumelio
--

COPY public.project_has_category (id, project_id, category_id) FROM stdin;
1	4	26
2	1	3
3	3	19
4	3	18
5	5	9
6	1	10
7	10	27
8	6	20
9	3	13
10	1	22
\.


--
-- TOC entry 3461 (class 0 OID 57970)
-- Dependencies: 211
-- Data for Name: projects; Type: TABLE DATA; Schema: sqitch; Owner: yumelio
--

COPY sqitch.projects (project, uri, created_at, creator_name, creator_email) FROM stdin;
yumelio	\N	2022-08-31 20:29:57.100937+02	Yumicode	helene.dyn.nguyen@gmail.com
\.


--
-- TOC entry 3462 (class 0 OID 57980)
-- Dependencies: 212
-- Data for Name: changes; Type: TABLE DATA; Schema: sqitch; Owner: yumelio
--

COPY sqitch.changes (change_id, script_hash, change, project, note, committed_at, committer_name, committer_email, planned_at, planner_name, planner_email) FROM stdin;
4eaaa4fe9378ee32ae630f5eda52ba4a5be60069	db2dc9e2b6db159f32b4794cfe72c5f2f136c4b1	yumelio_v1	yumelio	01 - Create tables	2022-09-02 11:51:48.452913+02	Yumicode	helene.dyn.nguyen@gmail.com	2022-08-31 18:59:14+02	Yumicode	helene.dyn.nguyen@gmail.com
dcd17e051ddf6da15138029cd642a775f1df8c43	b61bcadb61fa91b3f00c90e0feafe14dfda02549	yumelio_v2	yumelio	02 - Create CREATE functions	2022-09-02 11:51:49.117984+02	Yumicode	helene.dyn.nguyen@gmail.com	2022-08-31 20:47:07+02	Yumicode	helene.dyn.nguyen@gmail.com
9cdb6e513250aacf786093bd8fb3c2b9619a7542	ecd077fc44c893f2a598af6dc92d9bf5d8bf2bee	yumelio_v3	yumelio	03 - Create UPDATE functions	2022-09-02 11:51:49.817987+02	Yumicode	helene.dyn.nguyen@gmail.com	2022-09-02 07:01:59+02	Yumicode	helene.dyn.nguyen@gmail.com
\.


--
-- TOC entry 3464 (class 0 OID 58017)
-- Dependencies: 214
-- Data for Name: dependencies; Type: TABLE DATA; Schema: sqitch; Owner: yumelio
--

COPY sqitch.dependencies (change_id, type, dependency, dependency_id) FROM stdin;
\.


--
-- TOC entry 3465 (class 0 OID 58035)
-- Dependencies: 215
-- Data for Name: events; Type: TABLE DATA; Schema: sqitch; Owner: yumelio
--

COPY sqitch.events (event, change_id, change, project, note, requires, conflicts, tags, committed_at, committer_name, committer_email, planned_at, planner_name, planner_email) FROM stdin;
deploy	4eaaa4fe9378ee32ae630f5eda52ba4a5be60069	yumelio_v1	yumelio	01 - Create tables	{}	{}	{}	2022-08-31 20:29:57.287718+02	Yumicode	helene.dyn.nguyen@gmail.com	2022-08-31 18:59:14+02	Yumicode	helene.dyn.nguyen@gmail.com
revert	4eaaa4fe9378ee32ae630f5eda52ba4a5be60069	yumelio_v1	yumelio	01 - Create tables	{}	{}	{}	2022-08-31 20:34:49.84128+02	Yumicode	helene.dyn.nguyen@gmail.com	2022-08-31 18:59:14+02	Yumicode	helene.dyn.nguyen@gmail.com
deploy	4eaaa4fe9378ee32ae630f5eda52ba4a5be60069	yumelio_v1	yumelio	01 - Create tables	{}	{}	{}	2022-08-31 20:34:58.302937+02	Yumicode	helene.dyn.nguyen@gmail.com	2022-08-31 18:59:14+02	Yumicode	helene.dyn.nguyen@gmail.com
revert	4eaaa4fe9378ee32ae630f5eda52ba4a5be60069	yumelio_v1	yumelio	01 - Create tables	{}	{}	{}	2022-08-31 20:35:13.005999+02	Yumicode	helene.dyn.nguyen@gmail.com	2022-08-31 18:59:14+02	Yumicode	helene.dyn.nguyen@gmail.com
deploy	4eaaa4fe9378ee32ae630f5eda52ba4a5be60069	yumelio_v1	yumelio	01 - Create tables	{}	{}	{}	2022-08-31 20:35:18.692971+02	Yumicode	helene.dyn.nguyen@gmail.com	2022-08-31 18:59:14+02	Yumicode	helene.dyn.nguyen@gmail.com
revert	4eaaa4fe9378ee32ae630f5eda52ba4a5be60069	yumelio_v1	yumelio	01 - Create tables	{}	{}	{}	2022-08-31 20:35:36.619976+02	Yumicode	helene.dyn.nguyen@gmail.com	2022-08-31 18:59:14+02	Yumicode	helene.dyn.nguyen@gmail.com
deploy	4eaaa4fe9378ee32ae630f5eda52ba4a5be60069	yumelio_v1	yumelio	01 - Create tables	{}	{}	{}	2022-08-31 20:37:08.610088+02	Yumicode	helene.dyn.nguyen@gmail.com	2022-08-31 18:59:14+02	Yumicode	helene.dyn.nguyen@gmail.com
revert	4eaaa4fe9378ee32ae630f5eda52ba4a5be60069	yumelio_v1	yumelio	01 - Create tables	{}	{}	{}	2022-08-31 21:33:00.064823+02	Yumicode	helene.dyn.nguyen@gmail.com	2022-08-31 18:59:14+02	Yumicode	helene.dyn.nguyen@gmail.com
deploy	4eaaa4fe9378ee32ae630f5eda52ba4a5be60069	yumelio_v1	yumelio	01 - Create tables	{}	{}	{}	2022-08-31 21:33:53.807633+02	Yumicode	helene.dyn.nguyen@gmail.com	2022-08-31 18:59:14+02	Yumicode	helene.dyn.nguyen@gmail.com
deploy	dcd17e051ddf6da15138029cd642a775f1df8c43	yumelio_v2	yumelio	02 - Create CREATE functions	{}	{}	{}	2022-08-31 21:34:05.035421+02	Yumicode	helene.dyn.nguyen@gmail.com	2022-08-31 20:47:07+02	Yumicode	helene.dyn.nguyen@gmail.com
revert	dcd17e051ddf6da15138029cd642a775f1df8c43	yumelio_v2	yumelio	02 - Create CREATE functions	{}	{}	{}	2022-08-31 21:34:44.195437+02	Yumicode	helene.dyn.nguyen@gmail.com	2022-08-31 20:47:07+02	Yumicode	helene.dyn.nguyen@gmail.com
revert	4eaaa4fe9378ee32ae630f5eda52ba4a5be60069	yumelio_v1	yumelio	01 - Create tables	{}	{}	{}	2022-08-31 21:34:44.267633+02	Yumicode	helene.dyn.nguyen@gmail.com	2022-08-31 18:59:14+02	Yumicode	helene.dyn.nguyen@gmail.com
deploy	4eaaa4fe9378ee32ae630f5eda52ba4a5be60069	yumelio_v1	yumelio	01 - Create tables	{}	{}	{}	2022-08-31 21:34:47.710879+02	Yumicode	helene.dyn.nguyen@gmail.com	2022-08-31 18:59:14+02	Yumicode	helene.dyn.nguyen@gmail.com
deploy	dcd17e051ddf6da15138029cd642a775f1df8c43	yumelio_v2	yumelio	02 - Create CREATE functions	{}	{}	{}	2022-08-31 21:34:48.393472+02	Yumicode	helene.dyn.nguyen@gmail.com	2022-08-31 20:47:07+02	Yumicode	helene.dyn.nguyen@gmail.com
revert	dcd17e051ddf6da15138029cd642a775f1df8c43	yumelio_v2	yumelio	02 - Create CREATE functions	{}	{}	{}	2022-09-02 07:42:48.613699+02	Yumicode	helene.dyn.nguyen@gmail.com	2022-08-31 20:47:07+02	Yumicode	helene.dyn.nguyen@gmail.com
revert	4eaaa4fe9378ee32ae630f5eda52ba4a5be60069	yumelio_v1	yumelio	01 - Create tables	{}	{}	{}	2022-09-02 07:42:48.773545+02	Yumicode	helene.dyn.nguyen@gmail.com	2022-08-31 18:59:14+02	Yumicode	helene.dyn.nguyen@gmail.com
deploy	4eaaa4fe9378ee32ae630f5eda52ba4a5be60069	yumelio_v1	yumelio	01 - Create tables	{}	{}	{}	2022-09-02 07:43:00.515703+02	Yumicode	helene.dyn.nguyen@gmail.com	2022-08-31 18:59:14+02	Yumicode	helene.dyn.nguyen@gmail.com
deploy	dcd17e051ddf6da15138029cd642a775f1df8c43	yumelio_v2	yumelio	02 - Create CREATE functions	{}	{}	{}	2022-09-02 07:43:01.214025+02	Yumicode	helene.dyn.nguyen@gmail.com	2022-08-31 20:47:07+02	Yumicode	helene.dyn.nguyen@gmail.com
revert	dcd17e051ddf6da15138029cd642a775f1df8c43	yumelio_v2	yumelio	02 - Create CREATE functions	{}	{}	{}	2022-09-02 11:40:05.259737+02	Yumicode	helene.dyn.nguyen@gmail.com	2022-08-31 20:47:07+02	Yumicode	helene.dyn.nguyen@gmail.com
revert	4eaaa4fe9378ee32ae630f5eda52ba4a5be60069	yumelio_v1	yumelio	01 - Create tables	{}	{}	{}	2022-09-02 11:40:05.428825+02	Yumicode	helene.dyn.nguyen@gmail.com	2022-08-31 18:59:14+02	Yumicode	helene.dyn.nguyen@gmail.com
deploy	4eaaa4fe9378ee32ae630f5eda52ba4a5be60069	yumelio_v1	yumelio	01 - Create tables	{}	{}	{}	2022-09-02 11:40:36.082972+02	Yumicode	helene.dyn.nguyen@gmail.com	2022-08-31 18:59:14+02	Yumicode	helene.dyn.nguyen@gmail.com
deploy	dcd17e051ddf6da15138029cd642a775f1df8c43	yumelio_v2	yumelio	02 - Create CREATE functions	{}	{}	{}	2022-09-02 11:40:36.780432+02	Yumicode	helene.dyn.nguyen@gmail.com	2022-08-31 20:47:07+02	Yumicode	helene.dyn.nguyen@gmail.com
fail	9cdb6e513250aacf786093bd8fb3c2b9619a7542	yumelio_v3	yumelio	03 - Create UPDATE functions	{}	{}	{}	2022-09-02 11:40:37.462003+02	Yumicode	helene.dyn.nguyen@gmail.com	2022-09-02 07:01:59+02	Yumicode	helene.dyn.nguyen@gmail.com
deploy	9cdb6e513250aacf786093bd8fb3c2b9619a7542	yumelio_v3	yumelio	03 - Create UPDATE functions	{}	{}	{}	2022-09-02 11:41:15.230918+02	Yumicode	helene.dyn.nguyen@gmail.com	2022-09-02 07:01:59+02	Yumicode	helene.dyn.nguyen@gmail.com
revert	9cdb6e513250aacf786093bd8fb3c2b9619a7542	yumelio_v3	yumelio	03 - Create UPDATE functions	{}	{}	{}	2022-09-02 11:41:30.360633+02	Yumicode	helene.dyn.nguyen@gmail.com	2022-09-02 07:01:59+02	Yumicode	helene.dyn.nguyen@gmail.com
revert	dcd17e051ddf6da15138029cd642a775f1df8c43	yumelio_v2	yumelio	02 - Create CREATE functions	{}	{}	{}	2022-09-02 11:41:30.419825+02	Yumicode	helene.dyn.nguyen@gmail.com	2022-08-31 20:47:07+02	Yumicode	helene.dyn.nguyen@gmail.com
revert	4eaaa4fe9378ee32ae630f5eda52ba4a5be60069	yumelio_v1	yumelio	01 - Create tables	{}	{}	{}	2022-09-02 11:41:30.489005+02	Yumicode	helene.dyn.nguyen@gmail.com	2022-08-31 18:59:14+02	Yumicode	helene.dyn.nguyen@gmail.com
deploy	4eaaa4fe9378ee32ae630f5eda52ba4a5be60069	yumelio_v1	yumelio	01 - Create tables	{}	{}	{}	2022-09-02 11:41:35.083129+02	Yumicode	helene.dyn.nguyen@gmail.com	2022-08-31 18:59:14+02	Yumicode	helene.dyn.nguyen@gmail.com
deploy	dcd17e051ddf6da15138029cd642a775f1df8c43	yumelio_v2	yumelio	02 - Create CREATE functions	{}	{}	{}	2022-09-02 11:41:35.772893+02	Yumicode	helene.dyn.nguyen@gmail.com	2022-08-31 20:47:07+02	Yumicode	helene.dyn.nguyen@gmail.com
deploy	9cdb6e513250aacf786093bd8fb3c2b9619a7542	yumelio_v3	yumelio	03 - Create UPDATE functions	{}	{}	{}	2022-09-02 11:41:36.551943+02	Yumicode	helene.dyn.nguyen@gmail.com	2022-09-02 07:01:59+02	Yumicode	helene.dyn.nguyen@gmail.com
revert	9cdb6e513250aacf786093bd8fb3c2b9619a7542	yumelio_v3	yumelio	03 - Create UPDATE functions	{}	{}	{}	2022-09-02 11:44:55.309014+02	Yumicode	helene.dyn.nguyen@gmail.com	2022-09-02 07:01:59+02	Yumicode	helene.dyn.nguyen@gmail.com
revert	dcd17e051ddf6da15138029cd642a775f1df8c43	yumelio_v2	yumelio	02 - Create CREATE functions	{}	{}	{}	2022-09-02 11:44:55.361845+02	Yumicode	helene.dyn.nguyen@gmail.com	2022-08-31 20:47:07+02	Yumicode	helene.dyn.nguyen@gmail.com
revert	4eaaa4fe9378ee32ae630f5eda52ba4a5be60069	yumelio_v1	yumelio	01 - Create tables	{}	{}	{}	2022-09-02 11:44:55.430885+02	Yumicode	helene.dyn.nguyen@gmail.com	2022-08-31 18:59:14+02	Yumicode	helene.dyn.nguyen@gmail.com
deploy	4eaaa4fe9378ee32ae630f5eda52ba4a5be60069	yumelio_v1	yumelio	01 - Create tables	{}	{}	{}	2022-09-02 11:45:13.287411+02	Yumicode	helene.dyn.nguyen@gmail.com	2022-08-31 18:59:14+02	Yumicode	helene.dyn.nguyen@gmail.com
deploy	dcd17e051ddf6da15138029cd642a775f1df8c43	yumelio_v2	yumelio	02 - Create CREATE functions	{}	{}	{}	2022-09-02 11:45:13.963835+02	Yumicode	helene.dyn.nguyen@gmail.com	2022-08-31 20:47:07+02	Yumicode	helene.dyn.nguyen@gmail.com
deploy	9cdb6e513250aacf786093bd8fb3c2b9619a7542	yumelio_v3	yumelio	03 - Create UPDATE functions	{}	{}	{}	2022-09-02 11:45:14.636255+02	Yumicode	helene.dyn.nguyen@gmail.com	2022-09-02 07:01:59+02	Yumicode	helene.dyn.nguyen@gmail.com
revert	9cdb6e513250aacf786093bd8fb3c2b9619a7542	yumelio_v3	yumelio	03 - Create UPDATE functions	{}	{}	{}	2022-09-02 11:47:35.609887+02	Yumicode	helene.dyn.nguyen@gmail.com	2022-09-02 07:01:59+02	Yumicode	helene.dyn.nguyen@gmail.com
revert	dcd17e051ddf6da15138029cd642a775f1df8c43	yumelio_v2	yumelio	02 - Create CREATE functions	{}	{}	{}	2022-09-02 11:47:35.668605+02	Yumicode	helene.dyn.nguyen@gmail.com	2022-08-31 20:47:07+02	Yumicode	helene.dyn.nguyen@gmail.com
revert	4eaaa4fe9378ee32ae630f5eda52ba4a5be60069	yumelio_v1	yumelio	01 - Create tables	{}	{}	{}	2022-09-02 11:47:35.743291+02	Yumicode	helene.dyn.nguyen@gmail.com	2022-08-31 18:59:14+02	Yumicode	helene.dyn.nguyen@gmail.com
deploy	4eaaa4fe9378ee32ae630f5eda52ba4a5be60069	yumelio_v1	yumelio	01 - Create tables	{}	{}	{}	2022-09-02 11:47:39.504328+02	Yumicode	helene.dyn.nguyen@gmail.com	2022-08-31 18:59:14+02	Yumicode	helene.dyn.nguyen@gmail.com
deploy	dcd17e051ddf6da15138029cd642a775f1df8c43	yumelio_v2	yumelio	02 - Create CREATE functions	{}	{}	{}	2022-09-02 11:47:40.184573+02	Yumicode	helene.dyn.nguyen@gmail.com	2022-08-31 20:47:07+02	Yumicode	helene.dyn.nguyen@gmail.com
deploy	9cdb6e513250aacf786093bd8fb3c2b9619a7542	yumelio_v3	yumelio	03 - Create UPDATE functions	{}	{}	{}	2022-09-02 11:47:40.870923+02	Yumicode	helene.dyn.nguyen@gmail.com	2022-09-02 07:01:59+02	Yumicode	helene.dyn.nguyen@gmail.com
revert	9cdb6e513250aacf786093bd8fb3c2b9619a7542	yumelio_v3	yumelio	03 - Create UPDATE functions	{}	{}	{}	2022-09-02 11:51:44.48836+02	Yumicode	helene.dyn.nguyen@gmail.com	2022-09-02 07:01:59+02	Yumicode	helene.dyn.nguyen@gmail.com
revert	dcd17e051ddf6da15138029cd642a775f1df8c43	yumelio_v2	yumelio	02 - Create CREATE functions	{}	{}	{}	2022-09-02 11:51:44.54185+02	Yumicode	helene.dyn.nguyen@gmail.com	2022-08-31 20:47:07+02	Yumicode	helene.dyn.nguyen@gmail.com
revert	4eaaa4fe9378ee32ae630f5eda52ba4a5be60069	yumelio_v1	yumelio	01 - Create tables	{}	{}	{}	2022-09-02 11:51:44.60995+02	Yumicode	helene.dyn.nguyen@gmail.com	2022-08-31 18:59:14+02	Yumicode	helene.dyn.nguyen@gmail.com
deploy	4eaaa4fe9378ee32ae630f5eda52ba4a5be60069	yumelio_v1	yumelio	01 - Create tables	{}	{}	{}	2022-09-02 11:51:48.454426+02	Yumicode	helene.dyn.nguyen@gmail.com	2022-08-31 18:59:14+02	Yumicode	helene.dyn.nguyen@gmail.com
deploy	dcd17e051ddf6da15138029cd642a775f1df8c43	yumelio_v2	yumelio	02 - Create CREATE functions	{}	{}	{}	2022-09-02 11:51:49.119027+02	Yumicode	helene.dyn.nguyen@gmail.com	2022-08-31 20:47:07+02	Yumicode	helene.dyn.nguyen@gmail.com
deploy	9cdb6e513250aacf786093bd8fb3c2b9619a7542	yumelio_v3	yumelio	03 - Create UPDATE functions	{}	{}	{}	2022-09-02 11:51:49.819092+02	Yumicode	helene.dyn.nguyen@gmail.com	2022-09-02 07:01:59+02	Yumicode	helene.dyn.nguyen@gmail.com
\.


--
-- TOC entry 3460 (class 0 OID 57962)
-- Dependencies: 210
-- Data for Name: releases; Type: TABLE DATA; Schema: sqitch; Owner: yumelio
--

COPY sqitch.releases (version, installed_at, installer_name, installer_email) FROM stdin;
1.1	2022-08-31 20:29:57.092478+02	Yumicode	helene.dyn.nguyen@gmail.com
\.


--
-- TOC entry 3463 (class 0 OID 57996)
-- Dependencies: 213
-- Data for Name: tags; Type: TABLE DATA; Schema: sqitch; Owner: yumelio
--

COPY sqitch.tags (tag_id, tag, project, change_id, note, committed_at, committer_name, committer_email, planned_at, planner_name, planner_email) FROM stdin;
\.


--
-- TOC entry 3488 (class 0 OID 0)
-- Dependencies: 231
-- Name: article_has_category_id_seq; Type: SEQUENCE SET; Schema: public; Owner: yumelio
--

SELECT pg_catalog.setval('public.article_has_category_id_seq', 19, true);


--
-- TOC entry 3489 (class 0 OID 0)
-- Dependencies: 220
-- Name: article_id_seq; Type: SEQUENCE SET; Schema: public; Owner: yumelio
--

SELECT pg_catalog.setval('public.article_id_seq', 11, true);


--
-- TOC entry 3490 (class 0 OID 0)
-- Dependencies: 221
-- Name: article_order_seq; Type: SEQUENCE SET; Schema: public; Owner: yumelio
--

SELECT pg_catalog.setval('public.article_order_seq', 11, true);


--
-- TOC entry 3491 (class 0 OID 0)
-- Dependencies: 227
-- Name: category_id_seq; Type: SEQUENCE SET; Schema: public; Owner: yumelio
--

SELECT pg_catalog.setval('public.category_id_seq', 38, true);


--
-- TOC entry 3492 (class 0 OID 0)
-- Dependencies: 225
-- Name: gb_ticket_id_seq; Type: SEQUENCE SET; Schema: public; Owner: yumelio
--

SELECT pg_catalog.setval('public.gb_ticket_id_seq', 10, true);


--
-- TOC entry 3493 (class 0 OID 0)
-- Dependencies: 229
-- Name: project_has_category_id_seq; Type: SEQUENCE SET; Schema: public; Owner: yumelio
--

SELECT pg_catalog.setval('public.project_has_category_id_seq', 10, true);


--
-- TOC entry 3494 (class 0 OID 0)
-- Dependencies: 223
-- Name: project_id_seq; Type: SEQUENCE SET; Schema: public; Owner: yumelio
--

SELECT pg_catalog.setval('public.project_id_seq', 10, true);


--
-- TOC entry 3495 (class 0 OID 0)
-- Dependencies: 218
-- Name: role_id_seq; Type: SEQUENCE SET; Schema: public; Owner: yumelio
--

SELECT pg_catalog.setval('public.role_id_seq', 2, true);


--
-- TOC entry 3496 (class 0 OID 0)
-- Dependencies: 216
-- Name: user_id_seq; Type: SEQUENCE SET; Schema: public; Owner: yumelio
--

SELECT pg_catalog.setval('public.user_id_seq', 13, true);


-- Completed on 2022-09-05 07:55:28

--
-- PostgreSQL database dump complete
--

